registrasi,nama_yayasan,alamat,rt,rw,kelurahan,kecamatan,kota_administrasi,no_telepon,pengurus,kegiatan,masa_berlaku
014.31.71.04.1002.02,LANTAN BENTALA,Jl. Narada No. 54,14,8,Tanah Tinggi,Johar Baru,Jakarta Pusat,021 3914192,Evelyn Suleeman,Sosial dan Kemanusiaan ,09 Januari 2014 s/d 08 Januari 2019
014.31.71.07.1002.03,PUTRA NUSA,Jl. Penjernihan 1 No. 11,,,Bendungan Hilir,Tanah Abang,Jakarta Pusat,,H.Abdullah.Tr,Sosial Kemanusiaan Dan Keagamaan ,20 Januari 2014 s/d 19 Januari 2019
014.31.71.01.1003.003,MAF INDONESIA,Gajah Mada Tower Unit Kantor 05 A Ly.22,,,Petojo Utara,Gambir,Jakarta Pusat,,Jastin Koens,Sosial Kemanusiaan Dan Keagamaan,20 Januari 2014 s/d 19 Januari 2019
014.31.71.07.1006.005,AL-BAROKAH QOLBUN SALIM,Jl. Kh.Mas Mamsyur 25 A,10,10,Kebon Kacang,Tanah Abang,Jakarta Pusat,,Drs.H.Endang Ruchimat,Sosial Kemanusiaan Dan Keagamaan,13 Januari 2014 s/d 12 Januari 2019
014.31.71.07.1005.006, PEMIMPIN ANAK BANGSA,Jl. Tenaga Listrik No.14,15,16,Kebon Melati,Tanah Abang,Jakarta Pusat,,Aulia Handayani Retnaika,Sosial dan Kemanusiaan,15 Januari 2014 s/d 14 Januari 2019
014.31.71.06.1002.007,TUNAS MUDA IKATAN KESEJAHTERAAN KELUARGA TENTARA,Jl. Proklamasi No.33,,,Pegangsaan,Menteng,Jakarta Pusat,,Vasti Fatimah ,"Pendidikan, Sosial",20 Februari 2014 s/d 19 Februari 2019
014.31.71.04.1002.008,SOSIAL KESEJAHTERAAN PEKERJA GEREJA KEMAH INJIL INDONESIA,JL. Kramat VIII/Jambrut No. 24,,,Kenari,Senen,Jakarta Pusat,021 3914192,Toto Setyo Adi Murdiono,Sosial dan Kemanusiaan,15 Maret 2014 s/d 04 Maret 2019
014.31.71.04.1003.008,ORSOS AISYIYAH JAKARTA PUSAT,Jl. Salemba Bluntas No.1/77,11,5,Paseban,Senen,Jakarta Pusat,,Dra.Hj.Bahniar Ibrahim,"Sosial Pendidikan, Keagamaan Dan Kesehatan",27 Februari 2014 s/d 26 Februari 2019
014.31.71.08.1004.009,PELANGI INDONESIA MULIA,Jl. Sadena Bluntas I/77,11,5,Paseban,Senen,Jakarta Pusat,,"Stefanus Alpha, S.Kom","Sosial Pendidikan, Keagamaan Dan Kesehatan",13 Maret 2014 s/d 12 Maret 2019
014.31.71.07.1002.010,LEMBAGA PENDIDIKAN GEMILANG,"Wisma GKBI 17 TH Floor Suite 1702, Jl. Jend. Sudirman No. 28",,,Bendungan Hilir,Tanah Abang,Jakarta Pusat,,Kim Kyung Jung,Sosial dan Kemanusiaan,14 Maret 2014 s/d 13 Maret 2019
014.31.71.07.1006.011,PEWARIS NEGERI MADANI,Jl. Kenon Kacang 23 No. 17 B,6,3,Kebon Kacang,Tanah Abang,Jakarta Pusat,,"Muhadis, S.Kom",Sosial Kemanusiaan Dan Keagamaan,14 Maret 2014 s/d 13 Maret 2019
014.31.71.05.1002.012,PERGURUAN KSATRYA LIMA SATU,Jl. Percetakan Negara D.232,4,6,Cempaka Putih Barat,Cempaka Putih,Jakarta Pusat,0813 81652745,Herawati,Pendidikan dan Sosial ,14 Maret 2014 s/d 13 Maret 2019
014.31.71.06.1004.013,KASIH ANAK BANGSA,Jl.. H. Agus Salim No. 112,2,5,Gondangdia,Menteng,Jakarta Pusat,021 31936250,Sherly,Pendidikan,28 Maret 2014 s/d 27 Maret 2019
014.31.71.07.1005.014,ASA ASIA,"Gedung Thamrin City Lt. 5 OS 18 A, Jl. Thamrin Boule Vara",,,,Kebon Melati,Jakarta Pusat,,Endy Ngabito ,Sosial Kemanusiaan Dan Keagamaan,28 Maret 2014 s/d 27 Maret 2019
014.31.71.06.1002.015,PEMBINA KESEJAHTERAA KELUARGA BESAR PERINTIS KEMERDEKAAN INDONESIA,JL. Proklamasi No. 56,,,Pegangsaan,Menteng,Jakarta Pusat,,Abdul Majid Ratu,Sosial Kemanusiaan Dan Keagamaan,28 Maret 2014 s/d 27 Maret 2019
014.31.71.01.1006.16,NURUSSAMANIYAH,Jl. Duri Pulo I,1,3,Duri Pulo,Gambir,Jakarta Pusat,,H. Sonny Sudrajat,Sosial Kemanusiaan Dan Keagamaan,25 April 2014 s/d 24 April 2019
014.31.71.06.1005.17,PELITA ANGLIKAN INDONESIA,Jl. Arif Rahman Hakim No. 5,,,Kebon Sirih,Menteng,Jakarta Pusat,021 31908545,Hailam Syah Teddy,Sosial Kemanusiaan Dan Keagamaan,07 Mei 2014 s/d 06 Mei 2019
014.31.71.08.1001.18,CINTA BANGSA DELAPAN TIGA,Jl. Percetakan Negara II/14,10,6,Johar Baru,Johar Baru,Jakarta Pusat,0812 830819999,"Dra. Magdalena Hilda Kartini, M.Si","Keagamaan, Sosial dan Kemanusiaan",12 Mei 2014 s/d 11 Mei 2019
014.31.71.06.1004.19,BEASISWA MARUBENI,"Sinar Mas Land Plaza Menara 2 Lt. 11, JL. M.H. Thamrin Kav. 51",8,4,Gondangdia,Menteng,Jakarta Pusat,021 3921777,Akinobu Mizumoto,Sosial,12 Mei 2014 s/d 11 Mei 2019
014.31.71.03.1001.20,IKHLASHULQOLBI,Gg. Mantri I No. 121,8,9,Kemayoran,Kemayoran,Jakarta Pusat,021 4260624,Dra. Hj. Vivi Zafrin A Lubis,"Keagamaan, Sosial dan Kemanusiaan",16 Mei 2014 s/d 15 Mei 2019
014.31.71.05.1003.21,BINA INSAN KAMLI PRAMUKA,Jl. Pramuka Sari II No. 10,8,8,Rawasari,Cempaka Putih,Jakarta Pusat,021 4222717 - 021 4264636,TB. Moh. Zainal Muttaqin,Sosial Kemanusiaan Dan Keagamaan,19 Mei 2014 s/d 18 Mei 2019
014.31.71.03.1001.22,PENDIDIKAN ISLAM AN-NUR KEMAYORAN,Jl. Kepu Dalam VII/114,7,3,Kemayoran,Kemayoran,Jakarta Pusat,021 4248464,Dr. Dian Faiz,Sosial dan Keagamaan,19 Mei 2014 s/d 18 Mei 2019
014.31.71.07.1002.23,PENANGGULANGAN KRISIS INTERNASIONAL,Jl. Danau Laut Tawar No. 53,3,4,Bendungan Hilir,Tanah Abang,Jakarta Pusat,021 5701278,Sidney R. Jones,Sosial,23 Mei 2014 s/d 22 Mei 2019
014.31.71.07.1001.24,PUSAT PENGEMBANGAN SUMBER DAYA ALAM,"Gd. Manggala Wanabakti Blok IV Lt. 7 Ruang 715 Wing B, Jl. Jend. Gatot Subroto Senayan",,,Gelora,Tanah Abang,Jakarta Pusat,021 5703246,Dr. Ir. H. Irsyal Yasman,Sosial dan Kemanusiaan ,23 Mei 2014 s/d 22 Mei 2019
014.31.71.04.1006.25,MASJID MERANTI,Jl. Kalibaru Timur No. 15 B,12,8,Bungur,Senen,Jakarta Pusat,021 4219485 - 4265716,"Hasbullah, S.Pd, MM",Sosial dan Keagamaan,28 Mei 2014 s/d 27 Mei 2019
014.31.71.05.1001.26,PENDIDIKAN PUSPITA SARI,Jl. Cempaka Putih Tengah IV/8 B,1,5,Cempaka Putih Timur,Cempaka Putih,Jakarta Pusat,021 4245927,"Hj. Sri Sudiyani, S.BA",Pendidikan dan Sosial ,30 Mei 2014 s/d 29 Mei 2019
014.31.71.03.1004.27,BINTANG TIMUR PEMBAWA TERANG,Jl. Taruna Jaya Gg. Anggrek I No. 7,19,2,Serdang,Kemayoran,Jakarta Pusat,021 4211740,AH. Susatio Jalu . K,Sosial,02 Juni 2014 s/d 01 Juni 2019
014.31.71.04.1004.28,RUMAH PIATU MUSLIMIN,Jl. Kramat Raya No. 11,4,2,Kramat,Senen,Jakarta Pusat,,Ny. Hj. Sophi Sarwono,Sosial Kemanusiaan dan Keagamaan,05 Juni 2014 s/d 04 Juni 2019
014.31.71.05.1001.29,PENDIDIKAN CEMPAKA RIA,Jl. Rawasari Timur I,5,2,Cempaka Putih Timur,Cempaka Putih,Jakarta Pusat,021 4227795,Drs. H. Sudarmadi,"Keagamaan, Sosial dan Kemanusiaan  ",06 Juni 2014 s/d 05 Juni 2019
014.31.71.06.1005.30,KESEJAHTERAAN PEMUDA ISLAM INDONESIA (YAKPII),Jl. Menteng Raya No. 58,,,Kebon Sirih,Menteng,Jakarta Pusat,,Prof. DR. Farouk Muhammad,"Sosial, Pendidikan dan Keagamaan",13 Juni 2014 s/d 12 Juni 2019
014.31.71.05.1001.31,PENDIDIKAN ISLAM ANAKKU SAYANG,Jl. Cempaka Putih Timur XXV No. 26,2,2,Cempaka Putih Timur,Cempaka Putih,Jakarta Pusat,,"Elly Kurnaini, BA",Sosial Kemanusiaan dan Keagamaan,13 Juni 2014 s/d 12 Juni 2019
014.31.71.02.1004.32,JASMANE LESTARI," Komp. Speed Plaza Blok  B No. 16, Jl. Gunung Sahari xi",,,Gunung Sahari Utara,Sawah Besar,Jakarta Pusat,021 5461099,Fredy L. Tanjung,Sosial Kemanusiaan dan Keagamaan,13 Juni 2014 s/d 12 Juni 2019
014.31.71.06.1005.33,PERKUMPULAN JAKARTA JEPANG (THE JAKARTA JAPAN CLUB),"Menara Cakrawala Lt. 4, Jl. MH. Thamrin No. 9",,,Kebon Sirih,Menteng,Jakarta Pusat,021 3150418,Nonami Masahiro,Sosial,30 Juni 2014 s/d 29 Juni 2019
014.31.71.07.1001.34,PELAYANAN PINTU INDONESIA,"Sentral Senayan 2 Lt. 6, Jl. Asia Afrika No. 8",,,Gelora,Tanah Abang,Jakarta Pusat,021 80782312,Ingrid Claudia Reville,Sosial dan Keagamaan,02 Juli 2014 s/d 01 Juli 2019
014.31.71.02.1002.35,SETIA BHAKTI,Jl. A. GG I No. 4-5,,,Karang Anyar,Sawah Besar,Jakarta Pusat,021 6018581,Sugita Chandra,"Sosial, Keagamaan dan Kemanusiaan",04 Juli 2014 s/d 03 Juli 2019
014.31.71.08.1006.36,PUTRA FATAHILLAH,Jl. Kramat Pulo Gundul  K. 14-15,2,9,Tanah Tinggi,Johar Baru,Jakarta Pusat,021 42888444,"Dr. Ir. Bejo Santoso, M.Si","Sosial, Keagamaan dan Kemanusiaan",18 Juli 2014 s/d 17 Juli 2019
014.31.71.07.1001.37,MITRA SEJAHTERA KARYAMEDIA,Jl. Palmerah Selatan No. 22-28,,,Gelora,Tanah Abang,Jakarta Pusat,021 5483008,Lestari Sumartjati Sukarta,Sosial,18 Juli 2014 s/d 17 Juli 2019
014.31.71.06.1004.38,INSAN MADINA,Jl. RP. Soeroso No. 40,2,2,Gondangdia,Menteng,Jakarta Pusat,,Zaki,Sosial dan Keagamaan,18 Juli 2014 s/d 17 Juli 2019
014.31.71.06.1005.39,JALINAN KASIH,"Gedung Highend Lt. 1, Jl. Kebon Sirih No. 17-19",,,Kebon Sirih,Menteng,Jakarta Pusat,021 3909103,Beti Puspitasari Santoso,Sosial Kemanusiaan dan Keagamaan,24 Juli 2014 s/d 23 Juli 2019
014.31.71.07.1002.40,OISCA PENDIDIKAN INTERNASIONAL INDONESIA,Jl. Danau Tondano No. 1,,,Bendungan Hilir,Tanah Abang,Jakarta Pusat,021 5712204,Dicky Arisalfa,Sosial Kemanusiaan dan Keagamaan,24 Juli 2014 s/d 23 Juli 2019
014.31.71.03.1002.41,CIPTA CITRA INDONESIA,Rusun Cinver 4B/102,5,1,Kebon Kosong,Kemayoran,Jakarta Pusat,021 06542680,Mieske Taurisia,Sosial,08 September 2014 s/d 07 September 2019
014.31.71.08.1001.42,SPIRITIA,Jl. Johar Baru Utara V No. 17,13,3,Johar Baru,Johar Baru,Jakarta Pusat,,Daniel marguari,Sosial dan Kemanusiaan,08 September 2014 s/d 07 September 2019
014.31.71.06.1002.43,KAMPUS DIAKONEIA MODERN,Jl. Tambak II No. 23,,,Pegangsaan,Menteng,Jakarta Pusat,021 334172 - 021 3918505,Sarvaniandei Satya Prawira Benyamin,Sosial Kemanusiaan dan Keagamaan,16 September 2014 s/d 15 September 2019
014.31.71.01.1004.44,ACSET INDONESIA,Jl. Majapahit No. 26,,,Petojo Utara,Gambir,Jakarta Pusat,021 3511961,Hot Assina Munthe,"Sosial, Keagamaan dan Kemanusiaan",22 September 2014 s/d 21 September 2019
014.31.71.01.1006.45,SEKAR LAUT PELNI,Gedung Pelni No. 14,11,2,Petojo Utara,Gambir,Jakarta Pusat,,"Sulistyowati, SE",Sosial,11 September 2014 s/d 10 September 2019
014.31.71.07.1002.46,FATMAWATI,Jl. Penjernihan No. 30,,,Bendungan Hilir,Tanah Abang,Jakarta Pusat,,Dr. H.RP. Leksmono Tjondronegoro,Sosial dan Kemanusiaan,22 September 2014 s/d 21 September 2019
014.31.71.07.1003.47,ALAM AKSARA,"Gd. Apartemen City Lofts Sudirman Lt. 20 Unit 21, Jl. KH. Mas Mansyur Kav. 126",,,Karet Tengsin,Tanah Abang,Jakarta Pusat,021 25558521,Dede Prabowo,"Pendidikan, Sosial dan Lingkungan",26 September 2014 s/d 25 September 2019
014.31.71.01.1005.48,KARISMA WIDJAJA,Jl. Hayam Wuruk No. 27 Lt. V,,,Kebon Kelapa ,Gambir,Jakarta Pusat,021 3456651,Tina Widjaja,"Sosial, Keagamaan dan Kemanusiaan",26 September 2014 s/d 25 September 2019
014.31.71.07.1003.49,PEDULI TUNAS BANGSA,"Wisma 46 Kota BNI Lt. 14. 01-04B, Jl. Jend. Sudirman Kav. 1",,,Karet Tengsin,Tanah Abang,Jakarta Pusat,,Ade Dwi Nursihani,Sosial Kemanusiaan dan Keagamaan,02 Oktober 2014 s/d 01 Oktober 2019
014.31.71.05.1002.50,AULIA MURSYIDAH,Jl. Cempaka Putih Barat No. 30 B,3,11,Cempaka Putih Barat,Cempaka Putih,Jakarta Pusat,021 4248446,Siti Rofiah,Sosial Kemanusiaan dan Keagamaan,03 Oktober 2014 s/d 02 Oktober 2019
014.31.71.07.1003.51,KESEJAHTERAAN PENDIDIKAN DAN SOSIAL SAHID JAYA,"Hotel Sahid jaya International Lt. 4, Jl. Jend. Sudirman No. 86",,,Karet Tengsin,Tanah Abang,Jakarta Pusat,021 5702325 - 021 5702326,"Dr. H. Nugroho Budi Satrio, S.MBA, BET",Sosial dan Kemanusiaan,10 Oktober 2014 s/d 09 Oktober 2019
014.31.71.06.1002.52,IRENE LYDIA,Jl. Dempo No. 16,2,7,Pegangsaan,Menteng,Jakarta Pusat,,Irfin Sitompul Effendi,Sosial Kemanusiaan dan Keagamaan,27 Oktober 2014 s/d 26 Oktober 2019
014.31.71.06.1001.53,BELAJAR BERSAMA SJORS,"Menara BCA Lt. 50 Grand Indonesia Shopping Town, Jl. MH. Thamrin",,,Menteng,Menteng,Jakarta Pusat,021 23584604,Rama Yoga Hidayat,Sosial,27 Oktober 2014 s/d 26 Oktober 2019
014.31.71.06.1004.54,DOKTER KAHAR TJANDRA,Jl. Johar No. 1 A,,,Gondangdia,Menteng,Jakarta Pusat,,Sanjaya Raharja,Sosial,27 Oktober 2014 s/d 26 Oktober 2019
014.31.71.06.1001.55,INTELEKTUAL BANGSA BERSATU,Jl. MH. Thamrin No. 81,,,Menteng,Menteng,Jakarta Pusat,021 31996162,DR. Bayu Prawira . HIE,Sosial,05 Nopember 2014 s/d 04 Nopember 2019
014.31.71.08.1004.56,AL-FALAH TANAH TINGGI,Jl. Tanah Tinggi IV Gg. E No. 15 A,8,7,Tanah Tinggi,Johar Baru,Jakarta Pusat,021 33017817,Muhammad Aspar,"Sosial, Keagamaan dan Kemanusiaan",12 Nopember 2014 s/d 11 Nopember 2019
014.31.71.03.1005.57,BINA MANDIRI GLORIEUX,Jl. Gunung sahari Raya No. 91,14,8,Gunung Sahari Selatan,Kemayoran,Jakarta Pusat,021 4219055 - 021 4219068,A. Sigit Pratomo,"Sosial, Keagamaan dan Kemanusiaan",12 Nopember 2014 s/d 11 Nopember 2019
014.31.71.03.1005.58,PELAYANAN ANAK CALVARY,Jl. Garuda No. 31 M Lt. 3,,,Gunung Sahari Selatan,Kemayoran,Jakarta Pusat,021 4211045,Julius Fredrik Hendrik,Sosial dan Keagamaan,17 Nopember 2014 s/d 16 Nopember 2019
014.31.71.07.1004.59,AN NUR ABDAT,Jl. LS. Tubun Raya  No. 29,,,Petamburan,Tanah Abang,Jakarta Pusat,021 5325195,Taufik,Sosial Kemanusiaan dan Keagamaan,17 Nopember 2014 s/d 16 Nopember 2019
014.31.71.08.1001.60,PERKUMPULAN ORSOS PERSATUAN ISLAM (PERSIS) DKI JAKARTA,Jl. Johar Baru I No. 22,3,9,Johar Baru,Johar Baru,Jakarta Pusat,,H. Kahfi Amin,Sosial Keagamaan dan Pendidikan,24 Nopember 2014 s/d 23 Nopember 2019
014.31.71.04.1003.61,PENDIDIKAN KESEHATAN CAROLUS (YPKC),"Jl. Salemba Raya No. 41, Telp",,,Paseban,Senen,Jakarta Pusat,021 3154191,"Ir. Robby Hermanto Winardi, MBA",Pendidikan,05 Desember 2014 s/d 04 Desember 2019
014.31.71.02.1003.62,PENYELENGGARAAN ILHAI INDONESIA CABANG JAKARTA,Jl. Dwi Warna Raya No. 1-3,2,1,Kartini,Sawah Besar,Jakarta Pusat,021 6391990 - 021 6253662,SR. Tan Cendrayani,Sosial Kemanusiaan dan Keagamaan,05 Desember 2014 s/d 04 Desember 2019
014.31.71.03.1005.63,MUSEUM NASIONAL BANDARA KEMAYORAN,Jl. Kran V I No. 23,9,6,Gunung Sahari Selatan,Kemayoran,Jakarta Pusat,,Bill Huda Imanuari,"Sosial, Musum, Pendidikan, Seni dan Budaya",12 Desember 2014 s/d 11 Desember 2019
014.31.71.03.1005.64,PERSATUAN PERGURUAN TAMAN SISWA CABANG JAKARTA,Jl. Garuda No. 25,,,Gunung Sahari Selatan,Kemayoran,Jakarta Pusat,021 4243281,Nyi. Kus Pratiwi,Sosial Kemanusiaan dan Keagamaan,15 Desember 2014 s/d 14 Desember 2019
014.31.71.03.1005.65,TAMAN PENDIDIKAN KENCANA KEMAYORAN JAKARTA PUSAT,Jl. Waja III No. 1,2,2,Harapan Mulia,Kemayoran,Jakarta Pusat,021 4264851,Hj. Wienanci,Sosial dan Pendidikan,16 Desember 2014 s/d 15 Desember 2019
014.31.71.02.1001.66,AUSSI KUSUMA LESTARI,"Jl. Pos No. 2 , Pasar Baru, Sawah Besar",,,Pasar Baru,Sawah Besar,Jakarta Pusat,,Ny. Jacoba Jozal Bruinier,Sosial dan Pendidikan,16 Desember 2014 s/d 15 Desember 2019
014.31.71.03.1008.67,CIPTA INSANI BANGSA,Jl. F. Raya No. 7 Bendungan Jago,,,Ujang Panjang,Kemayoran,Jakarta Pusat,021 4202256,"Dr. Hj. Tutik Sri Suharti, SH,MH",Sosial dan Keagamaan,22 Desember 2014 s/d 21 Desember 2019
014.31.71.07.1001.68,MELINTAS INDONESIA,"STC Senayan Building Room 31-34b4 Floor, Jl. Asia Afrika Pintu IX Gelora Senayan",,,Gelora,Tanah Abang,Jakarta Pusat,0812 95399927,Maria Ery Asmoro,"Pendidikan, Sosial dan Kemanusiaan",29 Desember 2014 s/d 28 Desember 2019
014.31.71.01.1001.69,KARTIKA JAYA CABANG XIII MABESAD,Jl. Veteran No. 5,,,Gambir,Gambir,Jakarta Pusat,021 3847654,Ny. Sri Puji Lestari,Sosial Kemanusiaan dan Keagamaan,29 Desember 2014 s/d 28 Desember 2019
014.31.71.03.1007.70,FAJAR ISLAM MULIA,Jl. Mutiara No. 32,2,3,Rsumur Batu,Kemayoran,Jakarta Pusat,,"Ahmad Syauqie, SE","Sosial, Keagamaan dan Kemanusiaan",29 Desember 2014 s/d 28 Desember 2019
014.31.71.07.1005.73, LEMBAGA PENDIDIKAN SURYAKASIH,Jl. Teluk Betung No. 141,,,Kebon Melati,Tanah Abang,Jakarta Pusat,,Tulus Humintar,Sosial Kemanusiaan dan Keagamaan,31 Desember 2014 s/d 30 Desember 2019
014.31.72.02.1002.001, PENDIDIKAN WARNA ANAK KITA,Jl.Ganggeng III No. 16,4,1,Sungai Bambu,Tanjung Priok,Jakarta Utara ,021 43930294,Movita Ruliana ST,Sosial Kemanusiaan dan Keagamaan,08 Januari 2014 s/d 07 Januari 2019
014.31.72.01.1001.002,PEMBINAAN PENGEMBANGAN SARANA KEAGAMAAN BINA BANGSA,Jl. Pluit Dalam,10,8,Penjaringan,Penjaringan,Jakarta Utara,0857 19080991,HR. Kusmana,Sosial Kemanusiaan dan keagamaan,13 Januari 2014 s/d 12 Januari 2019
014.31.72.01.1003.003,SANTA NICHOLAS (SAINT NICHOLAS FOUNDATION ),Jl.Pantai Indah Utara Sektor Timur  Blok.S No.8,8,7,Kapuk Muara,Penjaringan,Jakarta Utara,,Agustina Susanto,Sosial dan Pendidikan,17 Januari 2014 s/d 16 Januari 2019
014.31.72.02.1004.004,AMALIAH ASTRA,Jl. Gaya Motor Raya No. 8 Sunter II,,,Sungai Bambu,Tanjung Priok,Jakarta Utara,021  6508525,Pongki Pamungkas,Pendidikan sosial dan Keagamaan,05 Februari 2014 s/d 04 Februari 2019
014.31.72.05.1002.005,YYS .KESEJAHTERAAN PENDIDIKANISLAMSINAR PERSTUAN,Jl. Hidup Baru No. 260,10,2,Pademangan Barat,Pademangan,Jakarta Utara,021 6450218,Sutrisna,"Sosial, Keagamaan",12 Februari 2014 s/d 11 Februari 2019
014.31.72.03.1006.006, WENING,Jl.Masjid Walang No.47,7,3,Rawabadak,Koja,Jakarta Utara,,Ir.H.Susanto Rahutomo,Sosial Keagamaan dan Kemanusiaan,14 Februari 2014 s/d 13 Februari 2019
014.31.72.02.1002.007,AL HIKMAH SUNTER JAYA,Jl. Agung Timur 8 Blok 02,9,1,Jaya,Tanjung Priok,Jakarta Utara,,Ir.I. Qolbu Lahoda,Sosial Pendidikan dan Keagamaan,17 Februari 2014 s/d 16 Februari 2019
014.31.72.01.1001.008,PENA ISLAM DAN SOSIAL DARUSSALAM,Jl. Luar Batang IX,2,2,Penjaringan,Penjaringan,Jakarta Utara,,"Sambas,ST.M.si",Sosial dan Keagamaan,17 Februari 2014 s/d 16 Februari 2019
014.31.72.06.1003.009,SEKOLAH INTERNASIONAL JAKARTA UTARA (NORTH JAKARTA INTERNATIONAL SCHOOL FOUNDATION),Jl. Boulevara Bukit Gading Raya,,,Kelapa Gading Barat,Kelapa Gading,Jakarta Utara,,Aking Saputra,Sosial Kemanusiaan dan Keagamaan,18 Februari 2014 s/d 17 Februari 2019
014.31.72.04.1001.010,ANAK DAN PEREMPUAN,Jl. Bhakti VI,5,9,Cilincing,Cilincing,Jakarta Utara,,Nur Aziza,Sosial,06 Maret 2014 s/d 05 Maret 2019
014.31.72.04.1004.011,BINA RACHMAN INSANI,Jl. Kalibaru Barat IV No. 119,11,7,Kalibaru,Cilincing,Jakarta Utara,,"Abdullah Habibi, Amd",Sosial Kemanusiaan dan Keagamaan,06 Maret 2014 s/d 05 Maret 2019
014.31.72.04.1004.012,KUKUH BAHTIAR,Jl. Kalibaru Barat,9,6,Kalibaru,Cilincing,Jakarta Utara,,Sulaeman,Sosial Kemanusiaan dan Keagamaan,06 Maret 2014 s/d 05 Maret 2019
014.31.72.03.1002.013,UNWANUS SA'ADAH,Jl. Plumpang Semper No. 3,1,12,Tugu Utara,Koja,Jakarta Utara,,HM. Ali Murtado,Sosial dan Kemanusiaan ,24 Maret 2014 s/d 23 Maret 2019
014.31.72.03.1003.014,MERPATI JAKARTA,Jl. Mahoni Blok B Gg. IV/27,4,4,Lagoa,Koja,Jakarta Utara,,Hadi Sumarlin,Sosial Kemanusiaan dan Keagamaan,15 April 2014 s/d 14 April 2019
014.31.72.02.1003.015,PENDIDIKAN ISTIQOMAH TANJUNG PRIOK,Jl. Papanggo III A No. 39,11,5,Papanggo,Tanjung Priok,Jakarta Utara,021 6517426,Kokom Komarudin,Sosial Kemanusiaan dan Keagamaan,12 Mei 2014 s/d 11 Mei 2019
014.31.72.02.1006.016,MALAIKAT KECIL (LITTLE ANGELS FOUNDATION),Jl. Agung Tengah 6 Blok I-U No. 2,11,16,Sunter Agung,Tanjung Priok,Jakarta Utara,021  6516484,Sunil Gobina Samtani,Sosial,23 Mei 2014 s/d 22 Mei 2019
014.31.72.03.1003.017,NURHASANAH KOJA,Jl. B . Lagoa Terusan Gg. II C 2 No. 6,10,1,Lagoa,Koja,Jakarta Utara,021 43901587,Hj. Niswati,Sosial Kemanusiaan dan Keagamaan,13 Juni 2014 s/d 12 Juni 2019
014.31.72.05.1001.018,PENDIDIKAN KRISTEN HARAPAN MULIA PADEMANGAN,Jl. Pademangan V Ujung Komplek Duta Kemayoran Blok D,,,Pademangan Timur,Pademangan,Jakarta Utara,021 6412761,Wong Tommy Hartadi,Sosial Kemanusiaan dan Keagamaan,19 Juni 2014 s/d 18 Juni 2019
014.31.72.05.1002.019,QISTHIZAM,Jl. Budi Mulia 138,11,12,Pademangan Barat,Pademangan,Jakarta Utara,0812 1959567,Drs. Adin Samanudin. M.Si,Sosial Kemanusiaan dan Keagamaan,20 Juni 2014 s/d 19 Juni 2019
014.31.72.02.1002.020,PENDIDIKAN MULIA BAKTI,Jl. Danau Indah Raya Blok C 2,,1,Sunter Jaya,Tanjung Priok,Jakarta Utara,021 65307273,Ir. CH. Kestyanto Pranata,Sosial,26 Juni 2014 s/d 25 Juni 2019
014.31.72.01.1005.021,METTASCHOLA INTERNATIONAL,Jl. Taman Pluit Kencana Blok P Kav. No. 28 F,4,6,Pluit,Penjaringan,Jakarta Utara,021 6623345,Abigail Loretta,Sosial,27 Juni 2014 s/d 26 Juni 2019
014.31.72.02.1003.022,AR-RAHMAN PULAU TIDUNG,Jl. Mundari No. 1,2,2,Pulau Tidung,Kep. Seribu Selatan,Kep. Seribu,,"Syaiful Anam, S.Ag, M.Pd.i","Sosial Kemanusiaan, Keagamaan dan Pendidikan",27 Juni 2014 s/d 26 Juni 2019
014.31.72.06.1002.023,AMAL DAN KURBAN JAKARTA (YAMKURTA),Jl. Puspa Gading I Blok H 2 No. 8,11,16,Pegangsaan Dua,Kelapa Gading,Jakarta Utara,021 45855768,Iskandar Widjaya,Sosial Kemanusiaan dan Keagamaan,04 Juli 2014 s/d 03 Juli 2019
014.31.72.03.1005.024,AKSI MATA PENA,Kp. Mangga Jl. H. Nawar,8,2,Tugu Selatan,Koja,Jakarta Utara,0857 14889465,Royani,Sosial Keagamaan dan Kemanusiaan,04 Juli 2014 s/d 03 Juli 2019
014.31.72.03.1004.025,MEKAR SARI RAWA BADAK,Jl. Dahlia II,8,13,Rawa Badak Utara,Koja,Jakarta Utara,021 43932738,Hj. Koesmiyati,Sosial dan Keagamaan,24 Juli 2014 s/d 23 Juli 2019
014.31.72.04.1004.026,MU'TAMARUL ISLAMIYAH,Jl. Kalibaru III,7,3,Kalibaru,Cilincing,Jakarta Utara,021 44836841,"Drs. H. Muarifin, MM",Sosial Keagamaan dan Kemanusiaan,25 Juli 2014 s/d 24 Juli 2019
014.31.72.06.1003.027,LILIN BANGSA,Jl. Raya Mediteraqnia Blok BB No. 1,,,Kelapa Gading Barat,Kelapa Gading,Jakarta Utara,021 45854789 - 021  45854785,Iwan Purbowo,Sosial Keagamaan dan Kemanusiaan,06 Agustus 2014 s/d 05 Agustus 2019
014.31.72.02.1002.028,BENTENG SURYA NUSANTARA,Jl. Bentengan I No.20,1,5,Sunter Jaya,Tanjung Priok,Jakarta Utara,0857 75120793,Rasam Anjasmara,"Sosial, Kesehatan, Pelatihan Kerja Ekonomi, Kebudayaan dan Keagamaan",06 Agustus 2014 s/d 05 Agustus 2019
014.31.72.03.1002.029,AL MASYURIYYAH JAKARTA,Jl. Maja Blok N No. 35,2,11,Lagoa,Koja,Jakarta Utara,0812 10311157,"Achmad Jamalludin, MBA",Sosial Kemanusiaan dan Keagamaan,06 Agustus 2014 s/d 05 Agustus 2019
014.31.72.01.1004.030,KOMUNITAS INDONESIA SEJATI,Jl. Taman Pluit Kencana Blok P/28 F,,,Pluit,Penjaringan,Jakarta Utara,021 6623345,Ir. Michael Tedjami ,Sosial,14 Agustus 2014 s/d 13 Agustus 2019
014.31.72.06.1001.031,KELOMPOK BAKTI KASIH KEMANUSIAAN (YKBKK),Jl. Janur Hijau Raya TK 2,1,1,Kelapa Gading Timur,Kelapa Gading,Jakarta Utara,021 4516301,Dr. Irene Setiadi,Sosial Kemanusiaan dan Keagamaan,25 Agustus 2014 s/d 24 Agustus 2019
014.31.72.06.1001.032,GUGAH NURANI INDONESIA,Jl. Bukit Gading Raya Rukan Gading Indah Blok V 18-19 Kelapa Gading Permai,,,Kelapa Gading Barat,Kelapa Gading,Jakarta Utara,021 29574250,Bagus Yaugo Wicaksono,Sosial Kemanusiaan dan Keagamaan,25 Agustus 2014 s/d 24 Agustus 2019
014.31.72.06.1002.033,KASIH KARUNIA MELIMPAH,Jl. Raya Kelapa Hy Brida RA-3 Kav. No. 2,6,15,Pegangsaan Dua,Kelapa Gading,Jakarta Utara,021 30019944 - 021 30019940,Sulijanto Leories,Sosial dan Keagamaan,26 Agustus 2014 s/d 25 Agustus 2019
014.31.72.06.1003.033,PENGEMBANGAN KREATIVITAS,Jl. Kelapa Nias Raya Blok AB 2 No. 1,,,Kelapa Gading Barat,Kelapa Gading,Jakarta Utara,,R. Bangkit Wihar Djanto,Sosial,28 Agustus 2014 s/d 27 Agustus 2019
014.31.72.02.1003.034,MITRA PINASTHIKA MUSTIKA,Jl. Agung Karya IV Blok B No. 19,,,Papanggo,Tanjung Priok,Jakarta Utara,021 29710170,Noviari Mursita,Sosial dan Kemanusiaan ,28 Agustus 2014 s/d 27 Agustus 2019
014.31.72.04.1001.035,HUBBUD DHUAFA AL ANSHORI CILINCING ,Jl. Raya Cilincing No. 44,2,3,Cilincing,Cilincing,Jakarta Utara,021 4412101 - 0813 89798228,Iwan,Sosial Keagamaan dan Kemanusiaan,09 September 2014 s/d 08 September 2019
014.31.72.02.1002.036,ROYAL BUCKINGHAM,Jl. Danau Indah Raya Nlok A-1 No. 16,,,Jaya,Tanjung Priok,Jakarta Utara,,Febty,Sosial dan Kemanusiaan ,10 September 2014 s/d 09 September 2019
014.31.72.01.1001.037,TALI KASIH MANDIRI,Jl. Tanah Pasir Raya Ruko 33/ Blok B 5 dan 6,15,7,Penjaringan,Penjaringan,Jakarta Utara,,Novita Ayusastra Atmaja,Sosial Keagamaan dan Kemanusiaan,11 September 2014 s/d 10 September 2019
014.31.72.04.1004.038,FORUM KOMUNIKASI MASYARAKAT PESISIR DAN NELAYAN,Jl. Kalibaru Barat No. 26,5,15,Kalibaru,Cilincing,Jakarta Utara,021 66696632,Yayat,Sosial Pendidikan dan Kemanusiaan,11 September 2014 s/d 10 September 2019
014.31.72.03.1002.039,HARAPAN UMAT JAKARTA,Jl. Walang Baru V Blok CH-2,11,7,Tugu Utara,Koja,Jakarta Utara,021 43936730,"Mochamad Guntur, M.Si",Sosial Kemanusiaan dan Keagamaan,22 September 2014 s/d 21 September 2019
014.31.72.03.1001.040,SYIAR ISLAM CIPEUCANG,Jl. Cipeucang III No. 35,7,13,Koja,Koja,Jakarta Utara,0812 12646677,Ir. Burhanuddin,Sosial Kemanusiaan dan Keagamaan,26 September 2014 s/d 25 September 2019
014.31.72.04.1007.041,KEBON BARU,Jl. Kebon Baru Blok X Gang IV No. 25,8,12,Semper Barat,Cilincing,Jakarta Utara,021 4407177 - 021 44836660,"Heru Hermawan, SE",Sosial Kemanusiaan dan Keagamaan,09 Oktober 2014 s/d 08 Oktober 2019
014.31.72.06.1003.042,RUMAH PENJUNAN,Ruko Kirana Boutique Blok C 1 No. 1 Jl. Boulevard Timur,,,Kelapa Gading Barat,Kelapa Gading,Jakarta Utara,021 29375578,Lindung Marbun,Sosial dan Keagamaan,16 Oktober 2014 s/d 15 Oktober 2019
014.31.72.03.1006.043,AL MUHAJIRIN BAHARI,"Komplek PT (Persero) Pelabuhan Indonesia II Walang jaya, Jl. Tuna No. 20-21",1,7,Rorotan,Cilincing,Jakarta Utara,021 4303432,"H. Ike Fathurrahman, Bsc",Sosial dan Keagamaan,16 Oktober 2014 s/d 15 Oktober 2019
014.31.72.04.1006.044,AL-UMMIYAH,Jl. Malaka III HB No. 23,4,6,Rorotan,Cilincing,Jakarta Utara,0878 75526374,Siti Umayah,Sosial Keagamaan dan Kemanusiaan,27 Oktober 2014 s/d 26 Oktober 2019
014.31.72.05.1002.045,FAJAR NUSANTARA,Jl. Waspada Raya I/30,7,10,Pademangan Barat,Pademangan,Jakarta Utara,021 64714183 - 021 6400768,Anthony Susanto,Sosial dan Pendidikan,27 Oktober 2014 s/d 26 Oktober 2019
014.31.72.02.1002.043 ,GERAKAN 12,Mitra Sunter Boulevard B.45,,,Sunter Jaya,Tanjung Priok,Jakarta Utara,0812 82612612,Steady Winarto,Sosial,27 Oktober 2014 s/d 26 Oktober 2019
014.31.72.03.1004.046,ISLAMIC AL-FARISY,Jl. Bogenvile No. 32,7,6,Rawa Badak Utara,Koja,Jakarta Utara,021 43931809,H. Rohli Pateni,"Pendidikan, Kesehatan, Keagamaan dan Kemanusiaan",24 Nopember 2014 s/d 23 Nopember 2019
014.31.72.01.1003.047,IMAN JELITA,Pulau Untung Jawa,1,3,Pulau Untung Jawa,Kep. Seribu Selatan,Seribu,0815 10012784,Muhammad Atip,Sosial Kemanusiaan dan Keagamaan,26 Nopember 2014 s/d 25 Nopember 2019
014.31.72.04.1004.049,NUR HIDAYAH KALIBARU,Jl. Kalibaru Barat IV,2,12,Kalibaru,Cilincing,Jakarta Utara,021 4406531,Yudi Suprianto,Sosial Kemanusiaan dan Keagamaan,27 Nopember 2014 s/d 26 Nopember 2019
014.31.72.02.1005.050,AMANAH UMMAH KEBON BAWANG,Jl. Simpang IV No. 58,13,12,Kebon Bawang,Tanjung Priok,Jakarta Utara,021 71504098 - 021 33551624,Hj. Darmawati Achmad,Sosial Kemanusiaan dan Keagamaan,01 Desember 2014 s/d 30 Nopember 2019
014.31.72.04.1001.051,ARMADA WIYATA,Jl. Cilincing Pagi No. 09,2,5,Cilincing,Cilincing,Jakarta Utara,021 44854880,"Julis, SE",Sosial Kemanusiaan dan Keagamaan,04 Desember 2014 s/d 03 Desember 2019
014.31.72.06.1002.052,CAHAYA PENDIDIKAN (BEACOH EDUCATION),Jl. Raya Pegangsaan Dua No. 66,,,Pegangsaan Dua,Kelapa Gading,Jakarta Utara,,Kishin Doulatram Dadlani,Sosial dan Pendidikan,12 Desember 2014 s/d 11 Desember 2019
014.31.72.02.1002.053,DUNIA ANAK-ANAK (KIDDIE DIANET FOUNDATION),Jl. Agung Timur IX Blok O-1,,,Sunter Jaya,Tanjung Priok,Jakarta Utara,,Rachmat Lesmono Sidharta,Pendidikan dan Sosial ,12 Desember 2014 s/d 11 Desember 2019
014.31.72.01.1001.054,SETIA KAWAN RAHARJA,Jl. Rawa Bebek No. 15 B,4,10,Penjaringan,Penjaringan,Jakarta Utara,,"Wardoyo, AKS",Sosial dan Kemanusiaan ,16 Desember 2014 s/d 15 Desember 2019
014.31.72.03.1002.055,LAPHAT PLUS,Jl. Mawar A/34,13,6,Tugu Utara,Koja,Jakarta Utara,021 70640483,"Drs. Yoel Manurung, MM",Sosial dan Pendidikan,22 Desember 2014 s/d 21 Desember 2019
014.31.72.03.1002.057,NURUL FARHAH,Jl. Raya Logistik,5,4,Tugu Selatan,Koja,Jakarta Utara,,Mamat,"Keagamaan, Sosial  dan Kemanusiaan ",31 Desember 2014 s/d 30 Desember 2019
014.31.73.06.1005.001,MAHABODHI VIDYA,Perumahan Citra Garden 3 Jl. Palem Anggur Kav 8,,,Pegadungan,Kali Deres,Jakarta Barat,021 54360308,Lim Paula Sutanto,Sosial Kemanusiaan dan Keagamaan,16 Januari 2014 s/d 15 Januari 2019
014.31.73.06.1002.002,ERA PEMBANGUNAN JAYA,Jl. Gaga AlasTua,3,4,Semanan,Kali Deres,Jakarta Barat,0219 8286849,Drs. H.Abdul Kirom,Sosial Keagamaan dan Kemanusiaan,20 Januari 2014 s/d 19 Januari 2019
014.31.73.07.1001.003,PERGURUAN ISLAM MAFATIH,Jl. H.Junaedi Kemanggisan ILIR No.79,1,17,Palmerah,Pal Merah,Jakarta Barat,,H.Solah Huddin.Ahmad,Sosial Kemanusiaan dan Keagamaan,15 Januari 2014 s/d 14 Januari 2019
014.31.73.06.1005.004,GIRI PUTRA,Jl. Kumbang Raya Rawa Lele No.50,3,7,Pegadungan,Kali Deres,Jakarta Barat,021 5414259,Herri Setiawan,Sosial Kemanusiaan dan Keagamaan,28 Januari 2014 s/d 27 Januari 2019
014.31.73.06.1001.005,CAHAYA ABADI RELIEF EKSPEDISI,Kemp. Ruko Daan Mogot Baru Jl. Utan Jati 9B No.6,,,Kalideres,Kali Deres,Jakarta Barat,,Halim Witarsa Muljanto,Sosial Pendidikan dan Kesehatan,10 Februari 2014 s/d 09 Februari 2019
014.31.73.07.1004.006,HUPERNIKAO INDONESIA,Jl. Kemuning No.69,5,1,Jati Pulo,Pal Merah,Jakarta Barat,021 5670716,Shirley Lumentut,Sosial Kemanusiaan dan Keagamaan,18 Februari 2014 s/d 17 Februari 2019
014.31.73.02.1002.007,AL-ISRO MUHAMMADIYAH TANJUNG DUREN,Jl. Tanjung Duren Raya I,7,5,Tanjung Duren Utara,Grogol Petamburan,Jakarta Barat,021 5632324, ,Sosial Kemanusiaan dan Keagamaan,19 Februari 2014 s/d 18 Februari 2019
014.31.73.03.1005.008,AMANAT AGUNG INDONESIA,Jl. Manggo Besar I No.74,,,Mangga Besar,Taman Sari,Jakarta Barat,,Johnny Leonardo,Sosial dan Keagamaan,19 Februari 2014 s/d 18 Februari 2019
014.31.73.03.1005.009,GEMA KASIH YOBEL,Jl. Mangga Besar I No.74,8,4,Mangga Besar,Taman Sari,Jakarta Barat,,Pat. Dr. William Hodaviah Hosanna,Sosial Kemanusiaan dan Keagamaan,19 Februari 2014 s/d 18 Februari 2019
014.31.73.02.1001.010,PENDIDIKAN ISLAM MIFTAHUSSA'ADAH,Jl. Rawa Bahagia Dalam X Kp.Banjir Kamal No.06,11,1,Grogol,Grogol Petamburan,Jakarta Barat,,Ahmad Ghifari Sollahuddin,Sosial Keagamaan,28 Februari 2014 s/d 27 Februari 2019
014.31.73.08.1003.011,BERDIKARI BAGI BANGSA,Jl. H. Juhri No. 37,1,8,Meruya Selatan,Kembangan,Jakarta Barat,,Elina Magdalena,Sosial Keagamaan,20 Maret 2014 s/d 19 Maret 2019
014.31.73.02.1008.010 A,WASILATUL MUHTADIN,,2,1,Kembangan Selatan,Kembangan,Jakarta Barat,,Ustad Alimin,"Sosial, Keaagamaan  dan Kemanusiaan",24 Februari 2014 s/d 23 Februari 2019
014.31.73.07.1002.12,HATI GEMBIRA INDONESIA (HAPPI HEARTS INDONESIA FOUNDATION),"Gedung Graha Indranias Lt. 4, Jl. Aipda KS. Tubun No. 77",,,Slipi,Palmerah,Jakarta Barat,021 5364488,Jimmy Masrin,Sosial dan Kemanusiaan,21 Maret 2014 s/d 20 Maret 2019
014.31.73.07.1002.13,YY. BAKTI BARITO,Jl. Letjen. S. Parman Kav. 62-63 Gd. Barito Lt. 8,,,Slipi,Palmerah,Jakarta Barat,,Drs. Yazirman Uyun,Sosial dan Kemanusiaan,24 Maret 2014 s/d 23 Maret 2019
014.31.73.01.1005.14,PENDIDIKAN BAPTIS CENGKARENG INDAH,Komplek Perumahan Cengkareng Indah Blok GB/01,,,Kapuk,Cengkareng,Jakarta Barat,,Sri Margono,Keagamaan dan Sosial,28 Maret 2014 s/d 27 Maret 2019
014.31.73.06.1005.15,AN NAJAH KALIDERES,Kampung Rawa Lele,6,10,Kalideres,Kalideres,Jakarta Barat,,"Drs. H. Naji, MPd","Sosial, Kemanusiaan dan  Keagamaan",28 Maret 2014 s/d 27 Maret 2019
014.31.73.01.1006.16,PENDIDIKAN ISLAM ADDA'WATUL ISLAMY,"Jl. Daan Mogot Km. 12,8 Gang sahabat",12,13,Cengkareng Timur,Cengkareng,Jakarta Barat,,"H. Ismail Tasir, S.Ag","Sosial, Keaagamaan  dan Kemanusiaan",28 Maret 2014 s/d 27 Maret 2019
014.31.73.08.1002.17,AULIA HAJI USIN,Jl. Kembang Kerep No. 46 A,7,2,Meruya Utara,Kembangan,Jakarta Barat,021 51128436,"Yusup, SE","Sosial, Kemanusiaan dan  Keagamaan",07 April 2014 s/d 06 April 2019
014.31.73.06.1005.18,KAIROS GRACIA,Citra Garden II Blok H 4/6,7,12,Pegadungan,Kalideres,Jakarta Barat,021 5445113 - 021 5445105,Boen Kim Fung,Pendidikan dan Sosial,08 April 2014 s/d 07 April 2019
014.31.73.08.1005.19,AL-MUHSININ ALFA INDAH,Masjid Al Muhsinin Taman Alfa Indah Blok G-1,,,Joglo,Kembangan,Jakarta Barat,021 5854161,Drs. H. Eddy Kuntardjo,"Sosial, Kemanusiaan dan  Keagamaan",15 April 2014 s/d 14 April 2019
014.31.73.08.1005.20,HAJI MUHAMAD SABRAH HAMZAH,Komplek DKI Blok D No. 7-8,1,4,Joglo,Kembangan,Jakarta Barat,,Hj. Masrohhani Hamzah,Sosial,15 April 2014 s/d 14 April 2019
014.31.73.05.1006.21,KARYA KASIH,Green Garden Blok J.5 No.1,4,4,Kedoya Utara,Kebon Jeruk,Jakarta Barat,021 5804058 - 021 5807672,Liong Fon Sin,Sosial dan Pendidikan,25 April 2014 s/d 24 April 2019
014.31.73.06.1004.22,AL-IHROM,Jl. Prepeden,3,9,Kamal,Kalideres,Jakarta Barat,021 5561611,Dra. Hj. Afiah,"Sosial, Kemanusiaan dan  Keagamaan",28 April 2014 s/d 27 April 2019
014.31.73.06.1002.23,AL-KHALIFI,Jl. Pangkalan Kramat No. 66,11,2,Semanan,Kalideres,Jakarta Barat,021 94947587,Rahman Hakim,"Sosial, Keagamaan dan Kemanusiaan ",28 April 2014 s/d 27 April 2019
014.31.73.01.1006.24,EKA SAKTI,Jl. Ukir Raya No. 30 A,3,13,Cengkareng Timur,Cengkareng,Jakarta Barat,,Hj. Sumiyati,"Sosial, Kemanusiaan dan  Keagamaan",28 April 2014 s/d 27 April 2019
014.31.73.08.1003.25,RISANTI DHARMA WANITA PERSATUAN,Jl. H. Saaba Komplek DPR RI II,9,2,Meruya Selatan,Kembangan,Jakarta Barat,021 5870241,Ida Hutagalung,"Sosial, Keagamaan dan Kemanusiaan ",12 Mei 2014 s/d 11 Mei 2019
014.31.73.08.1005.26,KARTIKA DESTA RATA,Jl. Saaba No. 25 A,16,2,Joglo,Kembangan,Jakarta Barat,021 5873339 - 021 5847232,Oetari R. Hartono,Sosial dan Kemanusiaan ,19 Mei 2014 s/d 18 Mei 2019
014.31.73.01.1001.27,TUMBUH GEMILANG,Rukan hawaii Blok  A No. 115-116 City Resort,,,Cengkareng Timur,Cengkareng,Jakarta Barat,021 29020730,Kho Budiharsono,Keagamaan dan Sosial,19 Mei 2014 s/d 18 Mei 2019
014.31.73.08.1002.28,CERDAS RIANG,Jl. Penyelesaian Tomang I No. 22 Kav. DKI Meruya Ilir Blok 117 No. 7-8,,,Meruya Utara,Kembangan,Jakarta Barat,021 5853972,Poppy Filsafah Sukardi,"Sosial, Kemanusiaan dan  Keagamaan",25 Mei 2014 s/d 24 Mei 2019
014.31.73.04.1008.29,KEMULIAAN BUNDA TERATE,Jl. Terate raya No. 43,9,3,Jembatan Besi,Tambora,Jakarta Barat,021 6392203,"Veriana Januarsi, S.Pd",Sosial,30 Mei 2014 s/d 29 Mei 2019
014.31.73.08.1002.30,PENDIDIKAN ISLAM SA'ADATUDDARAIN KEMBANGAN,Jl. KH. Hasyim Pondok Cabe,5,1,Kembangan Utara,Kembangan,Jakarta Barat,021 5820187,Dra. Hj. Afifah,Pendidikan ,06 Juni 2014 s/d 05 Juni 2019
014.31.73.02.1006.31,PANCARAN BERKAT,Jl. Setia Jaya Raya No. 100,3,6,Jelambar Baru,Grogol Petamburan,Jakarta Barat,021 5638992 - 021 5638993,L. Herminto,"Sosial, Kesehatan, Pendidikan dan Kemanusiaan",09 Juni 2014 s/d 08 Juni 2019
014.31.73.06.1005.32,SAFINATUL HUSNA,Jl. Bambu Larangan,8,9,Pegadungan,Kalideres,Jakarta Barat,0812 8372704,H. Achmad Ali,"Sosial, Keagamaan dan Kemanusiaan ",02 Juli 2014 s/d 01 Juli 2019
014.31.73.05.1007.33,PONDOK PESANTREN AL KAMAL JAKARTA,Jl. Raya Al-Kamal  No. 2,7,3,Kedoya Selatan,Kebon Jeruk,Jakarta Barat,021 5802126,Ir. Wiharto,"Sosial, Keagamaan dan Kemanusiaan ",04 Juli 2014 s/d 03 Juli 2019
014.31.73.05.1004.34,CITRA PRAKARSA NUSANTARA,Jl. Arteri Kelapa Dua No. 6 C,,,Kelapa Dua,Kebon Jeruk,Jakarta Barat,021 5321406,"Ali Saman Hasan, Lc.MA","Sosial, Keagamaan dan Kemanusiaan ",04 Juli 2014 s/d 03 Juli 2019
014.31.73.06.1005.35,FAJRUL ISLAM JAKARTA,Kp. Maja,6,5,Pegadungan,Kalideres,Jakarta Barat,021 5459809,"Drs. H. Syamsudin HB, MM",Sosial dan Keagamaan ,04 Juli 2014 s/d 03 Juli 2019
014.31.73.01.1003.36,KASIH MULIA SEJATI,Jl. Pakis Raya No. 11,,,Rawa Buaya,Cengkareng,Jakarta Barat,5809494,Sukiwan,Keagamaan ,04 Juli 2014 s/d 03 Juli 2019
014.31.73.05.1003.37,ISLAM RAUDHATUL'ULUM KEBON JERUK,Jl. Pahlawan 3 Kp. Baru No. 46,2,5,Sukabumi Selatan,Kebon Jeruk,Jakarta Barat,021 32294095,"Drs. H. Hanafi Tamam, MM",Keagamaan ,04 Juli 2014 s/d 03 Juli 2019
014.31.73.08.1001.38,MUSLIMAT TUNAS HARAPAN BASMOL,Jl. Al-Hidayah Basmol No. 43,15,6,Kembangan Utara,Kembangan,Jakarta Barat,021 5910063,"Muhamad Rosich, ST","Sosial, Kemanusiaan dan  Keagamaan",21 Juli 2014 s/d 20 Juli 2019
014.31.73.06.1002.39,SEHATI MANDIRI SENTOSA,Taman Semanan Indah Blok H. 2 No. 41,14,12,Semanan,Kalideres,Jakarta Barat,,Liana,Sosial,08 Agustus 2014 s/d 07 Agustus 2019
014.31.73.04.1007.40,KRISTEN BUKIT SINAI,Jl. Samarasa I Dalam No. 50 Angke Jaya,4,4,Angke,Tambora,Jakarta Barat,021 6328481,"Wong Tommy Hartadi, MSc","Sosial, Kemanusiaan dan  Keagamaan",29 Agustus 2014 s/d 28 Agustus 2019
014.31.73.06.1005.45,EPI SENTRUM LOGOS,Komplek Taman Surya 5 Blok PPI No. 18,7,17,Pegadungan,Kalideres,Jakarta Barat,021 5457930,"Marta Dorkas, S.Pd","Sosial, Keagamaan dan Kemanusiaan ",02 September 2014 s/d 01 September 2019
014.31.73.01.1005.46,DIAH SITONGGI-TONGGI,Jl. Pedongkelan Belakang,7,16,Kapuk,Cengkareng,Jakarta Barat,021 54360207,Ramadon Manalu,Sosial dan Kemanusiaan ,05 September 2014 s/d 04 September 2019
014.31.73.04.1004.47,GENERASI MUDA AL LATHIF,Jl. Pekapuran IV/76,1,5,Tanah Sereal,Tambora,Jakarta Barat,,Titin Nurhayati,Sosial dan  Keagamaan,05 September 2014 s/d 04 September 2019
014.31.73.01.1003.48,ORANG TUA HARAPAN BANGSA,Jl. Lingkar Luar Barat Kav. 35-36,5,3,Rawa Buaya,Cengkareng,Jakarta Barat,021 58397888,Adi Winata,Sosial dan Kemanusiaan ,10 September 2014 s/d 09 September 2019
014.31.73.08.1005.49,AT-TAWWAAB JAKARTA,Jl. Bazoka Raya No. 6,5,2,Joglo,Kembangan,Jakarta Barat,021 5840929,Kadar Hera Ries Oputra,"Sosial, Keagamaan dan Kemanusiaan ",17 September 2014 s/d 16 September 2019
014.31.73.01.1001.50,SAN DOMINGGO,Taman Palem Lestari Blok II No. 30,3,13,Cengkareng Barat,Cengkareng,Jakarta Barat,021 55951193,Elsa Puspita,Sosial dan Pendidikan,22 September 2014 s/d 21 September 2019
014.31.73.05.1006.51,BINA MURNI,Jl. Kedoya Raya No. 35,2,7,Kedoya Utara,Kebon Jeruk,Jakarta Barat,021 5652459,Suriani Tahir,Sosial dan Kemanusiaan ,26 September 2014 s/d 25 September 2019
014.31.73.07.1001.52,ADIKARA NIAT,Jl. Palmerah I,1,1,Palmerah,Palmerah,Jakarta Barat,021 5482746,"Sr. Em. Cecilia Hartati FMM, MPA",Keagamaan dan Kemanusiaan ,02 Oktober 2014 s/d 01 Oktober 2019
014.31.73.08.1006.53,BUDI PEKERTI LUHUR,Jl. Raya Kembangan Blok JJ,2,2,Kembangan Selatan,Kembangan,Jakarta Barat,021 5806699,Andrew Jonathan Jules,Sosial dan Pendidikan,09 Oktober 2014 s/d 08 Oktober 2019
014.31.73.06.1005.54,BAITURRAHMAN Al-MINAH,Jl. Irigasi Bulak Sere No. 22,7,1,Pegadungan,Kalideres,Jakarta Barat,021 96929501,"Arwanih, S.Ag","Sosial, Keagamaan dan Kemanusiaan ",26 September 2014 s/d 25 September 2019
014.31.73.07.1005.55,SULUH KASIH,Jl. Letjen. S. Parman Kav. 32-34,,,Kemanggisan,Palmerah,Jakarta Barat,021 5482520 - 021 29393388,Danie Tjandra,"Keagamaan, Sosial dan Kemanusiaan ",28 September 2014 s/d 27 September 2019
014.31.73.06.1005.55,PENDIDIKAN KASIH KEMULIAAN,Taman Surya V No. 3,,,Pegadungan,Kalideres,Jakarta Barat,021 29670988 - 29670990,Santie,Sosial dan Keagamaan ,02 Desember 2014 s/d 01 Desember 2019
014.31.73.04.1007.56,DHAMMASAVANA JAKARTA,,,,,,,021 6300966,Revata Kartawidjaja,"Sosial, Keagamaan dan Kemanusiaan ",04 Desember 2014 s/d 03 Desember 2019
014.31.73.06.1002.57,IHYA'ULUMIDDIN SEMANAN,Kp. Tanah Tinggi No. 8,4,6,Semanan,Kalideres,Jakarta Barat,0813 86805643,Ust. Ahmad Shomad,"Sosial, Keagamaan dan Kemanusiaan ",04 Desember 2014 s/d 03 Desember 2019
014.31.73.04.1007.58,PENDIDIKAN SARIPUTRA MANDIRI,Jl. Padamulya III No. 35,6,8,Angke,Tambora,Jakarta Barat,0812 80421349,A. Sanusi,Sosial dan Keagamaan,05 Desember 2014 s/d 04 Desember 2019
014.31.73.02.1003.59,LEMBAGA PENDIDKAN DAN PENGAJARAN AL-ISLAMIYAH,Jl. Tawakal Raya No. 99,,,Tomang,Grogol Petamburan,Jakarta Barat,021 5608713,Drs. Pasni Rusli,Sosial dan Pendidikan,24 Desember 2014 s/d 23 Desember 2019
014.31.73.01.1006.60,UTAMA GUNADARMA MEDIKA,Jl. Kamal Raya Outer Ring Road Komplek Rukan Malibu Blok I,7,14,Cengkareng Timur,Cengkareng,Jakarta Barat,,"Prof. DR. E.S. Margianti, SE, MM",Sosial dan Pendidikan,24 Desember 2014 s/d 23 Desember 2019
014.31.73.05.1003.61,NUR BALITA SUKABUMI SELATAN,Jl. Panjang Kp. Baru No. 1,5,4,Sukabumi Selatan,Kebon Jeruk,Jakarta Barat,,H. Rusli,"Keagamaan, Sosial  dan Kemanusiaan ",31 Desember 2014 s/d 30 Desember 2019
014.31.73.05.1001.61,KASIH SEJAHTERA INDONESIA,Jl. Dr. Kasih No. 1 JL.E,8,1,Kebon Jeruk,Kebon Jeruk,Jakarta Barat,0857 81100832,Drg. Widuri Tedjo Purnomo,"Keagamaan, Sosial  dan Kemanusiaan ",29 Desember 2014 s/d 28 Desember 2019
014.31.74.07.1010.001,LEMBAGA KESEJAHTERAAN GEREJA KRISTEN INDONESIA ,Pusat Niaga Duta Fatmawati No.39,,,Cipete Utara,Kebayoran Baru,Jakarta Barat,,Pnp. Benny Budi Satrio,Sosial,09 Januari 2014 s/d 08 Januari 2019
014.31.74.07.1001.002, PEDULI PSORIASIS INDONESIA,Jl. Melawai Ix No.38 Lt.2,,,Melawai,Kebayoran Baru,Jakarta Selatan,021 7512614 - 021 70332425,Dr.Nanang Tri Wahyudi,Sosial Dan Kesehatan,06 Januari 2014 s/d 05 Januari 2019
014.31.74.05.1001.003, NUR ISLAMY PENINGGARAN,Jl. Paninggaran Barat Ii,11,11,Kebayoran Lama Utara,Kebayoran Lama,Jakarta Selatan,,H.A.Halim Bin A.Miun,Sosial Keagamaan Dan Kemanusiaan,07 Januari 2014 s/d 06 Januari 2019
014.31.74.05.1004.004,STONI TENNIS PRO CAM ,Komp. Pertokoan Permata Hijau Jl. Biduri Bulan Blok.I No.09-10,,,Grogol Utara,Kebayoran Lama,Jakarta Selatan,,Tonni Zwingli Meringgi,Sosial Kemanusiaan,21 Januari 2014 s/d 20 Januari 2019
014.31.74.02.1008.005,DANA ABADI KARYA BAKTI(DAKAB),Gedung. Gramadi Lt. 12 Jl. Hr. Rasuna Said Blok. X-I Kav.8-9,,,Kuningan Timur,Setia Budi,Jakarta Selatan,021 2526890,Dr.H.Rusmono,Sosial Kemanusiaan Dan Keagamaan,13 Januari 2014 s/d 12 Januari 2019
014.31.74.04.1006.006, PELITA AZZAM,Jl.Masjid Al-Hidayah No.17,4,7,Pejaten Barat,Pasar Minggu,Jakarta Selatan,,Een Chairiah Haris,Sosial Kemanusiaan Dan Keagamaan,06 Januari 2014 s/d 05 Januari 2019
014.31.74.02.1008.007,TRANSPORMASI KEBIJAKAN PUBLIK, Menara Raja Wali Lt. 06 Jl.Dr. Ide Anak Agung Gedung Agung Lot. 5.1 Kawasan Mega Kuningan,,,Kuningan Timur,Setia Budi,Jakarta Selatan,,Peter John Chambers,Sosial,05 Februari 2014 s/d 04 Februari 2019
014.31.74.08.1003.008,TAMAN KANAK-KANAK RISANTI ANAK BANGSA,Wisma Dpr Ri A-B,2,5,Rawajati,Pancoran,Jakarta Selatan,0813 19424297,Kaodijatul Qodriyah Mmpub. Msi,Sosial Keagamaan,10 Februari 2014 s/d 09 Februari 2019
014.31.74.09.1004.009,NURUL HASANAH LENTENG AGUNG,Jl. Agung Raya I Gg.Pepaya,12,3,Lenteng Agung,Jagakarsa,Jakarta Selatan,,Akhmad Junaidi,Sosial Keagamaan Dan Kemanusiaan,10 Februari 2014 s/d 09 Februari 2019
014.31.74.08.1005.12,INSAN MULIYA CENDIKIA,Jl. Pengadegan Selatan,2,5,Pengadegan,Pancoran,Jakarta Selatan,,Chatheriena Rosmauli Silitonga. Spd,Sosial Keagamaan Dan Kemanusiaan,11 Februari 2014 s/d 10 Februari 2019
014.31.74.010.1004.13,AL-MANAR PESANGGRAHAN,Jl. Graha Ii Bumi Pesanggrahan Mas,1,8,Petukangan ,Pesanggrahan,Jakarta Selatan,,Ir.H.Bambang Setiadji,Sosial Dan Keagamaan,11 Februari 2014 s/d 10 Februari 2019
014.31.74.06.1002.10, HELENA,Gedung Sophie Jl. Adhiyaksa Raya No.33,6,7,Lebak Bulus,Cilandak,Jakarta Selatan,021 75915262,Tri Andayani Tyas Atami,Sosial Kemanusiaan Dan Keagamaan,10 Februari 2014 s/d 09 Februari 2019
014.31.74.06.1002.11,JATI KARYA ILMU,Jl. Pertanian Raya No.1,2,4,Lebak Bulus,Cilandak,Jakarta Selatan,021 7514465,Ir.H.Amir Susanto Padmo Prayitno.Mph,Sosial Kemanusiaan Dan Keagamaan,10 Februari 2014 s/d 09 Februari 2019
014.31.74.07.1008.14, DAARUT TAUHID CABANG JAKARTA,Jl. Cipaku I No.43,2,4,Petogogan,Kebayoran Baru,Jakarta Selatan,021 7235258,Hj.Mia Kusmiasari,Sosial Dan Pendidikan,18 Februari 2014 s/d 17 Februari 2019
014.31.74.04.1005.15,ORSOS AISYIYAH,Jl. Kemuning Dalam I No.73,5,6,Pejaten Timur,Pasar Minggu,Jakarta Selatan,,Hj.Farida.A.H,Pendidikan Sosial Keagamaan,20 Februari 2014 s/d 19 Februari 2019
014.31.74.02.1008.16,INSTITUT DANONE INDONESIA (INDONESIAN DANONE INSTITUTE FONDATION),Cyber 2 Tower Lt.16 Jl. Hr. Rasuna Said Blok.X-5 No.13,,,Kuningan Timur,Setiabudi,Jakarta Selatan,,Prof.Dr.Soekirman Skm.Mps,Sosial,20 Februari 2014 s/d 19 Februari 2019
014.31.74.04.1005.17,ORSOS AISYIYAH PEJATEN TIMUR,Jl. Kemuning Dalam I No.73,5,6,Pejaten Timur,Pasar Minggu,Jakarta Selatan,,"Hj.Farida, A.H","Pendidikan, Sosial Dan Keagamaan",05 Maret 2014 s/d 04 Maret  2019
014.31.74.04.1003.18, PENDIDIKAN AVICENNA PRESTASI,Gedung Medco Iii Jl. Ampera Raya No.018,,2,Cilandak Timur,Pasar Minggu,Jakarta Selatan,,Ir.Irama. Aboesoemono,Sosial Kemanusiaan Dan Keagamaan,05 Maret 2014 s/d 04 Maret  2019
014.31.74.06.1001.19,BINA CITRA CILANDAK,Jl. Maritim No. 32,1,5,Cilandak Barat,Cilandak,Jakarta Selatan,,Sukatmi,Sosial Kemanusiaan Dan Keagamaan,06 Maret 2014 s/d 05 Maret  2019
014.31.74.07.1001.20,PENYAYANG SATWA,Jl. Falatehan I No. 29,,,Melawai,Kebayoran Baru,Jakarta Selatan,,Grace Tarmizi,Sosial,21 Maret 2014 s/d 20 Maret  2019
014.31.74.08.1003.021,SAHABAT RAWAJATI,Jl. Lobi-lobi Blok Q-17,11,6,Rawajati,Pancoran,Jakarta Selatan,,"Ahmad Tamrella,SH,MBA","Keagamaan, Sosial dan Kemanusiaan",25 Maret 2014 s/d 24 Maret  2019
014.31.74.03.1003.22,HILAL AHMAR IMARATI,Jl. Bangka II No. 19,2,2,Pela Mampang,Mampang Prapatan,Jakarta Selatan,,H. Atbah Romin Suhaili,Sosial,20 Maret 2014 s/d 19 Maret  2019
014.31.74.01.1005.23,MITRA KENCANA CENDEKIA,"Gd. Sahdipura, Jl. KH. Abdullah Syafi'I No. 19",12,9,Bukit Duri,Tebet,Jakarta Selatan,,Astrid Susi Utami,Sosial dan Kemanusiaan ,02 April 2014 s/d 01 April  2019
014.31.74.06.1003.24,PENDIDIKAN POLA ASIH,Jl. Pondok Labu I B No. 24,4,7,Pondok Labu,Cilandak,Jakarta Selatan,021 7656604,Kartono . WS,Pendidikan,02 April 2014 s/d 01 April  2019
014.31.74.03.1002.25,PENDIDIKAN SEKOLAH PELITA HARAPAN INTERNASIONAL JAKARTA,Jl. Kemang IE No. 6,12,5,Bangka,Mampang Prapatan,Jakarta Selatan,,Minny Riady,Sosial Kemanusiaan Dan Keagamaan,02 April 2014 s/d 01 April  2019
014.31.74.10.1002.26,PINTU BINA TANGAN AMAL BINTARO,Jl. Mawar III,4,5,Bintaro,Pesanggrahan,Jakarta Selatan,021 7365919 - 0813 17613165,Lucky Achmad . S,"Sosial, Keagamaan dan Kemanusiaan",02 April 2014 s/d 01 April  2019
014.31.74.09.1002.27,RANAKHO INDONESIA,Jl. Cipedak V Kav. 10,7,9,Srengseng Sawah,Jagakarsa,Jakarta Selatan,021 78885358,Yunis Esther Pendang,"Sosial, Keagamaan dan Kemanusiaan",02 April 2014 s/d 01 April  2019
014.31.74.05.1002.28,ALZHEIMER INDONESIA,"Plaza 3 Pondok Indah Blok E No. 2, Jl. Simatupang",,,Pondok Pinang,Kebayoran Lama,Jakarta Selatan,0816 863136,Kusuma Dewi,Sosial dan Kemanusiaan ,02 April 2014 s/d 01 April  2019
014.31.74.05.1005.29,PANDAWA BUDI LUHUR,Kp. Cidodol,11,6,Grogol Selatan,Kebayoran Lama,Jakarta Selatan,,Drs. Sumadi Dwijo Saptomo,"Sosial, Keagamaan dan Kemanusiaan",08 April 2014 s/d 07 April  2019
014.31.74.08.1003.30,MAJELIS DZIKIR RUHHA AL HABSYI,Jl. Rawajati Timur II No. 2,6,2,Rawajati,Pancoran,Jakarta Selatan,021 7942152,Fathi,Sosial Kemanusiaan Dan Keagamaan,10 April 2014 s/d 09 April  2019
014.31.74.04.1004.31,RUMAH SIPUT INDONESIA,Jl. Ampera Raya No. 11 Graha STR Lt. 4 Ruang 407,,,Ragunan,Pasar Minggu,Jakarta Selatan,,Ny. Betty Sugihartati,Sosial dan Kemanusiaan ,14 April 2014 s/d 13 April  2019
014.31.74.10.1001.32,ANAK CERIA BERAKHLAK,Jl. Melati II Blok S 1-2 Bumi Bintaro Permai,4,8,Pesanggrahan,Pesanggrahan,Jakarta Selatan,021 7364885 - 021 7365405,Ir. Jarot Wijanarko,Sosial dan Kemanusiaan ,17 April 2014 s/d 16 April  2019
014.31.74.08.1004.33,INDORELAWAN,"Plaza Basmar Lt. 2, Jl. Mampang Prapatan Raya No. 106",,,Duren Tiga,Pancoran,Jakarta Selatan,0858 8815598,Margareta Widya Artanti,Sosial,28 April 2014 s/d 27 April  2019
014.31.74.02.1008.34,DEWAN PENDIDIKAN ISLAM INTERNASIONAL,"Gedung Palma One Lt. 4 Suite 401, Jl. H.R. Rasuna Said Blok X-2 No. 4",,,Kuningan Timur,Setiabudi,Jakarta Selatan,021 5274030 - 021 5274038,Pramadita Adhi Krisna .T,"Sosial, Keagamaan dan Kemanusiaan",28 April 2014 s/d 27 April  2019
014.31.74.06.1003.35,PERGURUAN DJUBLEG RANUATMAJA,Jl. H.Ipin No. 57,12,1,Pondok Labu,Cilandak,Jakarta Selatan,,"Dr. DJ. Rumahorbo, SH",Sosial dan Kemanusiaan ,28 April 2014 s/d 27 April  2019
014.31.74.03.1002.36,LOSARI,"Plaza Bisnis Kemang, Jl. Kemang Raya No. 02",,,Bangka,Pondok Labu,Jakarta Selatan,021 749127560,Ir. Restu Imam Sari Kusumaningrum,Sosial,07 Mei 2014 s/d 06 Mei  2019
014.31.74.07.1008.37,TALKNIC,Jl. Wijaya I No. 73,,,Petogogan,Kebayoran Baru,Jakarta Selatan,021 7202719,Ruth Rebecca Tumewu,Sosial,19 Mei 2014 s/d 18 Mei  2019
014.31.74.09.1005.38,BADAN SOSIAL (DARMA KASIH GEREJA KRISTEN PASUNDAN),Jl. Nangka No. 3,5,5,Tanjung Barat,Jagakarsa,Jakarta Selatan,021 788451,Mardiasih,Sosial,19 Mei 2014 s/d 18 Mei  2019
014.31.74.05.1004.39,HABITAT KEMANUSIAAN INDONESIA (YHKI),"The Bellezza Shopping Arcade Lt. 2 Unit 25-27, Jl. Letjen. Soepeno No. 34 Arteri Permata Hijau",,,Grogol Utara,Kebayoran Lama,Jakarta Selatan,021 29916074,James Leslie Tumbuan,"Sosial, Kemanusiaan dan  Keagamaan ",23 Mei 2014 s/d 22 Mei  2019
014.31.74.02.1001.40,PENDIDIKAN GURU SETIABUDI SATU,Jl. Setiabudi I Ni. 1,,,Setiabudi,Setiabudi,Jakarta Selatan,021 5279895,"Dra. Zakiah, M.Pd",Sosial,23 Mei 2014 s/d 22 Mei  2019
014.31.74.08.1001.41,JAYA KUSUMA INSAN MANDIRI,"Gedung SME Tower Lt. 10, Jl. Gatot Subroto Kav. 94",,,Pancoran,Pancoran,Jakarta Selatan,021 7872897,Ir. Agus Winarno,"Sosial, Keagamaan dan Kemanusiaan",06 Juni 2014 s/d 05 Juni  2019
014.31.74.04.1001.42,TABITHA AGAPE,"Ruko rajawali Center Blok A No. 9, Jl. Rajawali",7,1,Pasar Minggu,Pasar Minggu,Jakarta Selatan,021  96913155 - 0812 19129247,"Pdt. Oniwati Nurhaidah Turnip, S.Th",Sosial dan Kemanusiaan ,06 Juni 2014 s/d 05 Juni  2019
014.31.74.10.1003.43,KUALITA MUSLIM MANAJEMEN AHLAQ MANUSIA INDONESIA ASMAUL HUSNA,Jl. H. Gaim,4,10,Petukangan Utara,Pesanggrahan,Jakarta Selatan,021 7355206,"Drs. H. Ibnu Hadjar WB, MM","Sosial, Kemanusiaan dan  Keagamaan ",13 Juni 2014 s/d 12 Juni  2019
014.31.74.04.1006.44,BAITUL MAAL HIDAYATULLAH,Jl. H. Samali No. 79 B,,,Pejaten Barat,Pasar Minggu,Jakarta Selatan,021 7975770,Drs. Wahyu  Rahman,Sosial,13 Juni 2014 s/d 12 Juni  2019
014.31.74.01.1002.45,TEMAN BAIK,Jl. Tebet barat 6 H,12,4,Tebet Barat,Tebet,Jakarta Selatan,021 83784625,Endang Trismisari,Sosial dan Kemanusiaan ,13 Juni 2014 s/d 12 Juni  2019
014.31.74.07.1008.46,BAKTI IBU NUR SAKINAH,Jl. Cipaku I Pasar Santa Blok A No. 55,,,Petogogan,Kebayoran Baru,Jakarta Selatan,021 7203665,Arwin,"Sosial, Kemanusiaan dan  Keagamaan ",13 Juni 2014 s/d 12 Juni  2019
014.31.74.01.1005.47,AL KIFAHI AL TSAQAFI TEBET,Jl. Roos Timur V No. 27,5,5,Bukit Duri,Tebet,Jakarta Selatan,021 8281238,Sakinah Assegaff,"Sosial, Kemanusiaan dan  Keagamaan ",13 Juni 2014 s/d 12 Juni  2019
014.31.74.02.1003.48,AL-ANDALUSIA PELA,Jl. Bangka II Gg. V No. 27,1,2,Pela Mampang,Mampang Prapatan,Jakarta Selatan,021 7183202,H. Sadruddin  Hidayatullah,"Sosial, Keagamaan dan Kemanusiaan",13 Juni 2014 s/d 12 Juni  2019
014.31.74.02.1005.49,DUA BELAS SEMBILAN ENAM PULUH,Apartemen Taman Rasuna Lantai Dasar Podium Selatan,,,Menteng Atas,Setiabudi,Jakarta Selatan,021 93902528 - 021 93902529,A. Sri Pratjajanti,"Sosial, Keagamaan dan Kemanusiaan",23 Juni 2014 s/d 22 Juni  2019
014.31.74.06.1002.50,WAKAF PARAMADINA,Ruko Indah Plaza Blok A-2/RWD 12 Jl. Karang Tengah Raya,,,Lebak Bulus,Cilandak,Jakarta Selatan,021 7655253,Prof. Dr. Didik Junaedi Rachbini,Sosial dan Keagamaan ,26 Juni 2014 s/d 25 Juni  2019
014.31.74.04.1002.51,IATIM PIATU DAN FAKIR MISKIN,Jl. Ketapang,6,2,Jatipadang,Pasar Minggu,Jakarta Selatan,021 7821724,"Cholid Mawardi, SE",Sosial dan Keagamaan ,26 Juni 2014 s/d 25 Juni  2019
014.31.74.01.1006.52,BINA PRESTASI NUSANTARA,"Wisma Laena Lt. 3, Jl. KH. Abdullah Syafei No. 7",,,Manggarai Selatan,Tebet,Jakarta Selatan,021 83795616,"H. Tafsirudin Laena, SE","Sosial, Kemanusiaan dan  Keagamaan ",26 Juni 2014 s/d 25 Juni  2019
014.31.74.02.1004.53,MUSIK INDONESIA,"Gedung Yamaha Music Center, Jl. Jend. Gatot Subroto Kav. 4",2,4,Karet,Setiabudi,Jakarta Selatan,021 5202577 - 021 5202578,Ryo Kasai,Pendidikan Musik,02 Juli 2014 s/d 01 Juli  2019
014.31.74.02.1005.54,SITI RABIATUL ADWIYAH,"Rasuna Office Park Unit KR-03, Jl. HR. Rasuna Said Kuningan",,,Menteng Atas,Setiabudi,Jakarta Selatan,021 83706678 - 021 93903844,H. Syamsul Munir,Sosial dan Keagamaan ,02 Juli 2014 s/d 01 Juli  2019
014.31.74.03.1005.55,PENDIDIKAN ISLAM DARUSSALAM (YAPAD),Jl. Kuningan Barat IV,11,1,Kuningan Barat,Mampang Prapatan,Jakarta Selatan,,Mursyidin Syamsie . M,Sosial dan Kemanusiaan,10 Juli 2014 s/d 09 Juli  2019
014.31.74.04.1007.56,SEKOLAH IZARA,Jl. Joe No. 90,7,4,Kebagusan,Pasar Minggu,Jakarta Selatan,,Fauqi Hapidekso,"Sosial, Keagamaan dan Kemanusiaan",10 Juli 2014 s/d 09 Juli  2019
014.31.74.09.1005.57,AL-A'RAAF TANJUNG BARAT,Jl. Delima Poltangan,1,4,Tanjung Barat,Jagakarsa,Jakarta Selatan,,Abdul Rauf,"Sosial, Kemanusiaan dan  Keagamaan ",10 Juli 2014 s/d 09 Juli  2019
014.31.74.06.1005.58,SWASTISVARNA,Jl. RS. Fatmawati No. 32 A,1,5,Cipete Selatan,Cilandak,Jakarta Selatan,021 33992222,"Dra. Setyo Ediningsih, MM",Sosial dan Kemanusiaan,16 Juli 2014 s/d 15 Juli  2019
014.31.74.01.1005.59,GENERASI MUDA CERDAS (YOUNGER SMART GENERATION FOUNDATION),Jl Kampung Melayu Kecil II No. 39,6,10,Bukit Duri,Tebet,Jakarta Selatan,0815 11370600,Arie Astuti Setyorini,Sosial dan Kemanusiaan,16 Juli 2014 s/d 15 Juli  2019
014.31.74.02.1008.60,AGAPE MARANATHA,Jl. Patra Kuningan XIV,6,4,Kuningan Timur,Setiabudi,Jakarta Selatan,021 52904386,"Ricky Napitupulu, MBA","Keagamaan, Sosial dan Kemanusiaan",25 Juli 2014 s/d 24 Juli  2019
014.31.74.05.1001.61,KOMUNITAS PERWIRA AKADEMI ANGKATAN BERSENJATA REPUBLIK INDONESIA 1978 (YAYASAN KOMPAK 78),Gandari City Lt. 5 Unit 3-4 Jl. Sultan Iskandar Muda,,,Kebayoran Lama Utara,Kebayoran Lama,Jakarta Selatan,,"Drs. Oeroseno, SH",Sosial dan Kemanusiaan,05 Agustus 2014 s/d 04 Agustus  2019
014.31.74.10.1003.62,PENDIDIKAN BUDI LUHUR CAKTI,Jl. Raya Cileduk,10,2,Petukangan Utara,Kebayoran Lama,Jakarta Selatan,,"Kasih Hanggoro, MBA",Sosial,06 Agustus 2014 s/d 05 Agustus  2019
014.31.74.05.1004.63,KASIH SAHABAT SEJATI,"Julius S. Gondomulio The Bellezza Shopping Arcade Lt. 3 SA.356, Jl. Letjen Soepeno No. 34 Arteri Permata Hijau",,,Grogol Utara,Kebayoran Lama,Jakarta Selatan,,Julius S. Gondomulio,Sosial,08 Agustus 2014 s/d 07 Agustus  2019
014.31.74.09.1001.64,AL-FITRI,Jl. Kebagusan Raya No. 14,7,3,Jagakarsa,Jagakarsa,Jakarta Selatan,,Sri Ramadhani Sujai. Sak,"Sosial, Kemanusiaan dan  Keagamaan ",25 Agustus 2014 s/d 24 Agustus  2019
014.31.74.07.1006.65,DAYA DARA INDONESIA,"Gedung One Pasific Place Lt. 15, Jl. Jend. Sudirman Kav. 52-53",,,Senayan,Kebayoran Baru,Jakarta Selatan,,Barbara Samanta Islan,Sosial,25 Agustus 2014 s/d 24 Agustus  2019
014.31.74.02.1004.66,BATAVIA PROPERINDO PEDULI,"Gedung Chase Plaza Lt. 12, Jl. Jend. Sudirman",,,Karet,Setiabudi,Jakarta Selatan,,Irene Istary Iskandar,Sosial dan Kemanusiaan,27 Agustus 2014 s/d 26 Agustus  2019
014.31.74.09.1004.67,SAYANGI TUNAS CILIK,Jl. Taman Margasatwa No. 26 C,,,Ragunan,Pasar Minggu,Jakarta Selatan,,Ricardo  Felix Calvando,"Sosial, Kemanusiaan dan  Keagamaan ",28 Agustus 2014 s/d 29 Agustus  2019
014.31.74.09.1001.68,ROSA KARTIKA,Jl. Jagakarsa II No. 17/RWB,1,7,Jagakarsa,Jagakarsa,Jakarta Selatan,7270212,DR. Tipri Rose Kartika,Kesehatan Masyarakat,16 September 2014 s/d 15 September 2019
014.31.74.03.1004.69,KELUARGA BESAR STURM ABTEILUNG CORPS SUKARELA,Jl. Mampang Prapatan Raya No. 71-73 Gedung Multika Lt. 2,,,Tegal Parang,Mampang Prapatan,Jakarta Selatan,021 7975229 - 021 7975209,Ir. Ronni Saroso,Sosial,16 September 2014 s/d 15 September 2019
014.31.74.07.1004.70,INDONESIA CERDAS UNGUL,"Geduing Equity Tower Lt. 39 Suite D.G.H SCBD Lot. 9, Jl, Jend. Sudirman Kav. 52-53",,,Senayan,Kebayoran Baru,Jakarta Selatan,021 5151277,Agus Widjojo,Sosial dan Kemanusiaan,26 September 2014 s/d 25 September 2019
014.31.74.06.1001.71,SEKOLAH BELAJAR AKTIF INDONESIA 1996,Jl. TB. Simatupang No. 8 Lt.3,3,2,Cilandak Barat,Cilandak,Jakarta Selatan,021  75917888,Drs. Supriadi,"Sosial, Keagamaan dan Kemanusiaan",26 September 2014 s/d 25 September 2019
014.31.74.02.1001.72,FORUM MODE INDONESIA,Jl. HR. Rasuna Said Kav. 30-33,,,Setiabudi,Setiabudi,Jakarta Selatan,021 5266666 - 021 5209366,Lenni Tedja,Sosial,26 September 2014 s/d 25 September 2019
014.31.74.04.1002.73,RAUDHATUL ASYIQIN JATI PADANG,Jl. Achmad Yani No. 31,6,6,Jatipadang,Pasar Minggu,Jakarta Selatan,021 78831823,Awang Suharja,"Sosial, Kemanusiaan dan  Keagamaan ",26 September 2014 s/d 25 September 2019
014.31.74.07.1007.74,FILANTROPI SEMESTA,"Dharmawangsa Square Lt. 1 No. 57, Jl. Dharmawangsa VI dan IX",,,Pulo,Kebayoran Baru,Jakarta Selatan,021 72788335,Dede Gusman,"Sosial, Kemanusiaan dan  Keagamaan ",03 Oktober 2014 s/d 02 Oktober 2019
014.31.74.02.1008.75,PUSAT EKSEKUTIF KEPEMIMPINAN GLOBAL,"Menara Karya Lt. 27, Jl. HR. Rasuna Said Blok X-5 Kav. 1-2",,,Kuningan Timur,Setiabudi,Jakarta Selatan,021 5762834,"Tantri Abeng, MBA",Sosial,09 Oktober 2014 s/d 08 Oktober 2019
014.31.74.07.1001.76,TRANSPORMASI KEBIJAKAN PUBLIK INDONESIA,"Gd. Graha Iskandar Syah Lt. II, Jl. Iskandar Syah Raya No. 66 C",,,Melawai,Kebayoran Baru,Jakarta Selatan,021 2702401 - 021 2702402,Nugroho Wienarto,Sosial,14 Oktober 2014 s/d 13 Oktober 2019
014.31.74.06.1005.77,AS-SAJAADUN AL-MUSLIHUN INDONESIA,Jl. Puri Kencana No. 39,10,6,Cipete Selatan,Cilandak,Jakarta Selatan,021 75908908,Ir. Tempa Imandafa,"Sosial, Kemanusiaan dan  Keagamaan ",13 Oktober 2014 s/d 12 Oktober 2019
014.31.74.03.1005.78,ANAK PARADO CERDAS,"Palm Court Apartemen Tower II, Jl. Jend. Gatot Subroto Kav. 26-27",,,Kuningan Barat,Mampang Prapatan,Jakarta Selatan,021 5206188,H. Ahmad Rachmawan,"Sosial, Kemanusiaan dan  Keagamaan ",27 Oktober 2014 s/d 26 Oktober 2019
014.31.74.02.1001.79,TEMU TANAM INDONESIA,"Gd. Sudirman Plaza Complex Plaza Marein Lt. 11, Jl. Jend. Sudirman Kav. 76-78",,,Setiabudi,Setiabudi,Jakarta Selatan,021 29305017,Indra Dipa Ananda,Sosial dan Kemanusiaan,27 Oktober 2014 s/d 26 Oktober 2019
014.31.74.04.1007.80,NUR KEBAGUSAN,Jl. Kebagusan Raya No. 5,5,1,Kebagusan,Pasar Minggu,Jakarta Selatan,021 7827289,Nuryati Hasan Sanusi,"Sosial, Kemanusiaan dan  Keagamaan ",27 Oktober 2014 s/d 26 Oktober 2019
014.31.74.02.1008.81,LEMBAGA PENDIDIKAN KEJURUAN SAINT MARY INTERNATIONAL,"Patra Jasa Office Tower Lt. 10 Ruang 1034, Jl. Jend. Gatot Subroto Kav. 32034",,,Kuningan Timur,Setiabudi,Jakarta Selatan,021 52900635,"Yohanes Sulistyadi, M.Pd","Sosial, Kesehatan, Pendidikan dan  Keagamaan ",27 Oktober 2014 s/d 26 Oktober 2019
014.31.74.06.1001.82,SESAWI (SESAMA SAHABAT WARGA IGNATIAN),Jl. Gaharu III,3,11,Cilandak Barat,Cilandak,Jakarta Selatan,021 7691879,Markus Christinus Sunarto,"Sosial, Kemanusiaan dan  Keagamaan ",27 Oktober 2014 s/d 26 Oktober 2019
014.31.74.02.1008.83,ASAKI,"Menara Kadin Indonesia Lt. Ground Floor, Jl. HR. Rasuna Said Blok X-5 Kav. 2-3",,,Kuningan Timur,Setiabudi,Jakarta Selatan,021 5274212,Ir. Elisa P. Sinaga,Sosial,03 Nopember 2014 s/d 02 Nopember 2019
014.31.74.07.1001.84,PANSOPHIA NUSANTARA,"Wisma Adityawarman Lt. 5, Jl. Adityawarman I No. 42",,,Melawai,Kebayoran Baru,Jakarta Selatan,021 7264972,Mayke Sumarauw,Sosial dan Kemanusiaan,04 Nopember 2014 s/d 03 Nopember 2019
014.31.74.09.1006.85,ORSOS AISYIYAH JAKARTA SELATAN,Jl. M. Kahfi II,6,3,Cipedak,Jagakarsa,Jakarta Selatan,021 78886045,"Dra. Hj. Nurdiati Akma, M.Si","Sosial, Pendidikan dan  Keagamaan ",05 Nopember 2014 s/d 04 Nopember 2019
014.31.74.07.1001.86,MATA RAJA,Jl. Panglima Polim V,6,4,Melawai,Kebayoran Baru,Jakarta Selatan,021 7222407,DR. M. Simarmata,"Sosial, Kemanusiaan dan  Keagamaan ",24 Nopember 2014 s/d 23 Nopember 2019
014.31.74.02.1003.87,GEMA KRISTUS DAMAI INDONESIA (YGKDI),"Gd. Parkir Menara Kuningan Lt. Function Hall, Jl. HR. Rasuna Said Blok X-7 Kav. 5",,,Karet Kuningan,Setiabudi,Jakarta Selatan,021 30015773,Kiky Suherlan,Sosial,24 Nopember 2014 s/d 23 Nopember 2019
014.31.74.04.1006.88,LEBAH KREATIF,Jl. Attahiriyah No. 11,8,3,Pejaten Barat,Pasar Minggu,Jakarta Selatan,021 79945502,Syafiih Azami,Sosial,26 Nopember 2014 s/d 25 Nopember 2019
014.31.74.09.1003.89,PENDIDIKAN DAN PELATIHAN PELITA GLOBAL,Jl. Kahfi II Perumahan Casamora Blok BB/RW14-18 RT002/RW04,2,4,Ciganjur ,Jagakarsa,Jakarta Selatan,021 28756777,Dra. Fauziah,Sosial dan Kemanusiaan,08 Desember 2014 s/d 07 Desember 2019
014.31.74.06.1001.90,PANCA SAKTI BUKIT HERMON,Jl. Lebak Bulus V No. 52,6,4,Cilandak Barat,Cilandak,Jakarta Selatan,,"Robert Siregar, SE, MM",Sosial dan Pendidikan,12 Desember 2014 s/d 11 Desember 2019
014.31.74.02.1008.91,TAP PEDULI ANAK,"The East Lt. 23, Jl. DR. Ide Anak Agung Gde Agung Kav. E.3-2 No. 1",,,Kuningan Timur,Setiabudi,Jakarta Selatan,021 57944737,Arif Rachmat,Sosial dan Kemanusiaan,16 Desember 2014 s/d 15 Desember 2019
014.31.74.06.1001.92,AMIE PEDULI,Jl. Fatmawati Raya No. 6A,1,3,Cilandak Barat,Cilandak,Jakarta Selatan,021 75917940,"Diah Parmi Ati, SE",Sosial,16 Desember 2014 s/d 15 Desember 2019
014.31.74.02.1003.93,PURBA ADHI,"Gd. Menara Kuningan Lt. 3 Unit L.M, Jl. HR. Rasuna Said Blok X-7 Kav. 5",,,Karet Kuningan,Setiabudi,Jakarta Selatan,021 30015977,Purbadi Hardjoprajitno,"Keagamaan, Sosial,  dan  Kemanusiaan",16 Desember 2014 s/d 15 Desember 2019
014.31.74.06.1010.94,BHAKTI YOGYA,"Komp. Duta Mas Fatmawati Blok C-2 No. 2 Lt. 2, Jl. RS. Fatmawati No. 39",,,Cipete Utara,Kebayoran Baru,Jakarta Selatan,021 5263839 - 021 5263840,Ir. A. Sutjipto,Sosial dan Kemanusiaan,16 Desember 2014 s/d 15 Desember 2019
014.31.74.10.1001.95,CIKAL MANDIRI BINTARO,Jl. Garuda No. 36,5,6,Pesanggrahan,Pesanggrahan,Jakarta Selatan,,Rahmat Hidayat,"Sosial, Kemanusiaan dan  Keagamaan ",16 Desember 2014 s/d 15 Desember 2019
014.31.74.02.1008.96,KITLU JAKARTA,"Kedutaan Besar Kerajaan Belanda, Jl. HR. Rasuna Said Kav. DS-3",,,Kuningan Timur,Setiabudi,Jakarta Selatan,021 5275988,Dr. Roger Gerard Tol,Sosial dan Kemanusiaan,16 Desember 2014 s/d 15 Desember 2019
014.31.74.05.1006.98,ISLAM AL-MUBAROKAH TANAH KUSIR,Jl. Tanah Kusir II,12,9,Kebayoran Lama Utara,Kebayoran Lama,Jakarta Selatan,021 70501874,"Mustofa Syarif, S.Sos,M.Si","Sosial, Keagamaan dan Kemanusiaan",31 Desember 2014 s/d 30 Desember 2019
014.31.75.04.1002.01, LEMBAGA BANTUAN HUKUM APIK JAKARTA,Jl. Raya Tengah No.16,1,9,Tengah,Kramat Jati,Jakarta Selatan,021 87797289,"Ratna Batara Munti,M.Si",Bantuan Hukum,02 Januari 2014 s/d 01 Januari 2019
014.31.75.04.1002.02,PENDIDIKAN DAN PEMBINAAN GENGRASI KUSUMA,Jl. Pipar,6,4,Dukuh,Kramat Jati,Jakarta Timur,021 87792180,Abdul Gofar,Sosial Keagamaan Dan Kemanusiaan,02 Januari 2014 s/d 01 Januari 2019
014.31.75.03.1006.03,PERGURUAN AJI RASA,Jl. Cipinang Bali Ii,7,4,Cipinang Muara,Jatinegara,Jakarta Timur,,H. Marhasan,Sosial Keagamaan Dan Kemanusiaan,02 Januari 2014 s/d 01 Januari 2019
014.31.75.02.1004.04,PERGURUAN ADVEN RAWAMANGUN ,Jl. Pinang No.24,5,8,Rawamangun,Pulo Gadung,Jakarta Timur,021 4720135,"Doharedo Zulkifli Sihotang,Se",Sosial Keagamaan Dan Kemanusiaan,02 Januari 2014 s/d 01 Januari 2019
014.31.75.08.1003.05,BATU KARANG CIRACAS,Jl. Raya Ciracas N0.10,5,6,Ciracas,Ciracas,Jakarta Timur,021 8715115,Daniel Rusli,Sosial dan Keagamaan,02 Januari 2014 s/d 01 Januari 2019
014.31.75.08.1003.06,YADIRA,Jl. Raya Ciracas No.1,1,11,Kelapa Dua Wetan,Ciracas,Jakarta Timur,021 87700505,Arifin Sape,Sosial Keagamaan Dan Kemanusiaan,02 Januari 2014 s/d 01 Januari 2019
014.31.75.03.1004.07,SWARA PEDULI INDONESIA JAKARTA,Jl. H.Kaiman No.17,2,5,Rawabunga,Jatinegara,Jakarta Timur,021 70798085,Endang Mintarja,Sosial Keagamaan Dan Kemanusiaan,16 Januari 2014 s/d 15 Januari 2019
014.31.75.06.1001.08,SATU UNTUK NEGERI INDONESIA,Jl. Rawa Terate Ii No.2 Kawasan Industri Pulo Gadung,,,Jatinegara,Cakung,Jakarta Timur,021 4613545,Ivan Naviansyah,Sosial Keagamaan Dan Kemanusiaan,16 Januari 2014 s/d 15 Januari 2019
014.31.75.06.007.09,YEDIJA BINA PERSATUAN,Jl. Dewi Sartika Graha Sartika No.357 B,,,Cakung,Kramat Jati,Jakarta Timur,021 80873794,Basirun Sinaga,Sosial Keagamaan Dan Kemanusiaan,16 Januari 2014 s/d 15 Januari 2019
014.31.75.08.1004.10,KHUDHU ULUM,Jl. Tanah Merdeka,5,6,Susukan,Ciracas,Jakarta Timur,021 8410589,Kiki Rizky Diah Pratiwi,Sosial,30 Januari 2014 s/d 29 Januari 2019
014.31.75.03.1006.11,PENDIDIKAN ISLAM AR. RIQQAH JAKARTA,Jl. Cipinang Muara 66,2,4,Cipinang Muara,Jatinegara,Jakarta Timur,021 85909723,"Mursini, Spd",Sosial Kemanusiaan Dan Keagamaan,30 Januari 2014 s/d 29 Januari 2019
014.31.75.08.1003.12,HIDUP POSITIF,Jl. Darusalam,1,12,Kelapa Dua Wetan,Ciracas,Jakarta Timur,021 91214792,Syahyan,Sosial,30 Januari 2014 s/d 29 Januari 2019
014.31.75.05.1001.13,HIDAYAH PEMERSATU UMAT INDONESIA,Jl. Trikara Raya No.7,5,2,Gedong,Pasar Rebo,Jakarta Timur,021 31783345,Sri Astuti,Pendidikan Kemanusiaan Dan Keagamaan,30 Januari 2014 s/d 29 Januari 2019
014.31.75.08.1003.14,PENUNTUN TUNAS BANGSA CIRACAS,Jl. Masjid At.Taufiq No.26,6,11,Kelapa Dua Wetan,Ciracas,Jakarta Timur,021 8719136,Wakidi,Pendidikan Dan Sosial,30 Januari 2014 s/d 29 Januari 2019
014.31.75.08.1001.15,FADLUR RAHMAN AZZAHRA,Komplek Polri,7,4,Ciracas,Ciracas,Jakarta Timur,,Drs.H.Ali Mukadam.Mm,Pendidikan Dan Sosial,30 Januari 2014 s/d 29 Januari 2019
014.31.75.08.1003.16,ROSE JAYA,Jl. Anggur,3,12,Kelapa Dua Wetan,Ciracas,Jakarta Timur,,"Amir Hamzah, B.Ba",Pendidikan Dan Sosial,30 Januari 2014 s/d 29 Januari 2019
014.31.75.08.1003.17,PENDIDIKAN FAJAR UTAMA CIRACAS,Jl. Raya Centex,8,2,Ciracas,Ciracas,Jakarta Timur,,"Fajar Andrini, S.Tp",Sosial Dan Keagamaan,11 Februari 2014 s/d 10 Februari 2019
014.31.75.10.1004.18,ABDI PRATAMA,Jl. Hankam 4,2,5,Munjul,Cipayung,Jakarta Timur,,"Drs. Dasuki, M.Pd",Sosial Kemanusiaan Dan Keagamaan,17 Februari 2014 s/d 16 Februari 2019
014.31.75.06.1005.19,WIRITOMO,Jl. Raya Pulo Gebang Gg. Swadaya No. 36,6,4,Pulo Gebang,Cakung,Jakarta Timur,021 4803977,"Sutomo Hadi Siswoyo,S.Pd",Sosial Kemanusiaan Dan Keagamaan,10 Maret 2014 s/d 09 Maret 2019
014.31.75.02.1005.20,KIBAR INDONESIA,Jl. Waru No. 21 C,1,9,Rawamangun,Pulogadung,Jakarta Timur,021 47881393,Ir. Nurcahyo Riswanto,Sosial dan Kemanusiaan ,10 Maret 2014 s/d 09 Maret 2019
014.31.75.08.1003.21,PENDIDIKAN NURUL ANSOR,,7,11,Kelapa Dua Wetan,Ciracas,Jakarta Timur,021 70822004,Acih Nasir,"Pendidikan, Keagamaan dan Sosial",10 Maret 2014 s/d 09 Maret 2019
014.31.75.10.1005.22,HARAPAN AL-MISFALAH 54-89,Jl. Bantar Jati No. 16,8,2,Setu,Cipayung,Jakarta Timur,021 84992381,"Prof. H. Rusdi Malik, SH,MH",Sosial Kemanusiaan Dan Keagamaan,18 Maret 2014 s/d 17 Maret 2019
014.31.75.03.1007.23,SALAM MU'MININ,Jl. Cipinang Besar Selatan No. 13,10,6,Cipinang Besar Selatan,Jatinegara,Jakarta Timur,021 85905567,"Iis Wahyuni, S.Pd",Sosial Dan Keagamaan,18 Maret 2014 s/d 17 Maret 2019
014.31.75.09.1001.24,PERKUMPULAN PAGUYUBAN HESTHI BUDAYA NUSANTARA,Jl. Gelanggang Remaja No. 1,1,5,Makasar,Makasar,Jakarta Timur,021 8097938,"H. Mohamad Santoso, SE",Sosial,26 Maret 2014 s/d 25 Maret 2019
014.31.75.07.1004.25,MISBAHUR ROHIMIN,Jl. Pondok Kelapa I,4,5,Pondok Kelapa,Duren Sawit,Jakarta Timur,021 96173000,Heriyanto,Sosial Kemanusiaan Dan Keagamaan,02 April 2014 s/d 01 April 2019
014.31.75.07.1004.26,PENDIDIKAN ISLAM AL HIDAYAH PONDOK KELAPA,Jl. Swakarsa IV No. 3A,4,2,Pondok Kelapa,Duren Sawit,Jakarta Timur,021 86901592,R.D. Lala Islami,Sosial Kemanusiaan Dan Keagamaan,21 April 2014 s/d 20 April 2019
014.31.75.06.1007.27,NURUL HUDA AQL HAZMI,Jl. Tipar Cakung No. 33,12,7,Cakung,Cakung,Jakarta Timur,021 46824690,Abdul Basit,Sosial Kemanusiaan Dan Keagamaan,21 April 2014 s/d 20 April 2019
014.31.75.06.1007.28,AL AHMAD FAJR,Kp. Baru,9,8,Cakung,Cakung,Jakarta Timur,0857 76730554,"Susiawati A, S.Pd",Sosial dan Kemanusiaan ,25 April 2014 s/d 24 April 2019
014.31.75.10.1007.29,MUHAMMAD YUSUF USMAN,Jl. Lubang Buaya No. 6 B,1,2,Lubang Buaya,Cipayung,Jakarta Timur,021 87781389,Drs. Ridwan Muhammad Yusuf,Sosial Kemanusiaan Dan Keagamaan,25 April 2014 s/d 24 April 2019
014.31.75.07.1004.30,WAKAF BAITUSSALAM BILLYMOON,Perumahan Billy Moon,5,10,Pondok Kelapa,Duren Sawit,Jakarta Timur,,H. Tafsir Nurchamid,"Keagamaan, Sosial  dan Kemanusiaan ",25 April 2014 s/d 24 April 2019
014.31.75.06.1006.31,UMMI MARYAM SENAN,Jl. Satria II No. 49,2,2,Ujung Menteng,Cakung,Jakarta Timur,021 90289689 - 0815 85064518,Syafi'ih,Sosial Kemanusiaan Dan Keagamaan,12 Mei 2014 s/d 11 Mei 2019
014.31.75.06.1005.32,PENDIDIKAN ISLAM AR-RAHMAN USMANIYAH,Jl. P. Komarudin No. 49,11,5,Pulo Gebang,Cakung,Jakarta Timur,021 4806720,"Drs. HA. Zarkasy Usman, MA",Sosial Kemanusiaan Dan Keagamaan,23 Mei 2014 s/d 22 Mei 2019
014.31.75.07.1004.33,FURU'UL HUSNA JAKARTA,Jl. Kelapa Sawit Raya,4,7,Pondok Kelapa,Duren Sawit,Jakarta Timur,021 8649613,"Sukron Ma'mun, S.Sos","Sosial, Keagamaan dan Kemanusiaan ",23 Mei 2014 s/d 22 Mei 2019
014.31.75.04.1005.34,MANAJEMEN DAN TEKNOLOGI NASIONAL,Jl. Raya Condet No. 321,3,2,Balekambang,Kramat Jati,Jakarta Timur,021 8092321,Drs. Asrizal,Sosial Kemanusiaan Dan Keagamaan,13 Juni 2014 s/d 12 Juni 12019
014.31.75.09.1001.35,ATTHURAST AL-IKHWAN AL MUKHLISIN JAKARTA,Jl. Tipala III No. 13,5,5,Makasar,Makasar,Jakarta Timur,021 8002429,"Machtur, SH",Sosial Kemanusiaan Dan Keagamaan,13 Juni 2014 s/d 12 Juni 12019
014.31.75.07.1001.36,TITIK BALIK,Jl. Kaveling Agraria No. 70,2,16,Duren Sawit,Duren Sawit,Jakarta Timur,021 32377123,Drs. Pungki Djoko . S,"Sosial, Keagamaan dan Kemanusiaan ",18 Juni 2014 s/d 17 Juni 12019
014.31.75.05.1005.37,TUISI AL-KAROMAH,Jl. Gandaria I,9,2,Pekayon,Pasar Rebo,Jakarta Timur,021 8718274,"Siti Hartini, S.Pd, M.Si",Sosial Kemanusiaan Dan Keagamaan,20 Juni 2014 s/d 19 Juni 12019
014.31.75.03.1003.38,FORUM BERSAMA LASKAR MERAH PUTIH INDEPENDEN,Jl. Jatinegara Timur No. 61-65,11,2,Balimester,Jatinegara,Jakarta Timur,021 85913654,Ir. Sahat Pasaribu,Sosial Kemanusiaan Dan Keagamaan,27 Juni 2014 s/d 26 Juni 12019
014.31.75.07.1001.39,BUNGA PEMBANGUNAN,Jl. Radin Inten II Komp. Kimia farma II No. 39,6,14,Duren Sawit,Duren Sawit,Jakarta Timur,021  8605833,Hj. Efi Rifiyanti,"Sosial, Keagamaan dan Kemanusiaan ",30 Juni 2014 s/d 29 Juni 12019
014.31.75.05.1003.40,PASKITA GLOBAL,Jl. Raya Bogor Km. 25,16,14,Cijantung,Pasar Rebo,Jakarta Timur,021 87701633,Albert Apriado,Pendidikan,02 Juli 2014 s/d 01 Juli 2019
014.31.75.02.1005.41,ASRAMA PELAJAR ISLAM,Jl. Sunan Giri No. 1,12,15,Rawamangun,Pulogadung,Jakarta Timur,021 47867777,"Drs. H. Hariri Hady, MA","Sosial, Keagamaan dan Kemanusiaan ",04 Juli 2014 s/d 03 Juli 2019
014.31.75.07.1002.42,WAKAP ISLAM IZZUDDIN,Jl. Langgar II,11,5,Pondok Bambu,Duren Sawit,Jakarta Timur,021 8600657,"Rohimi Kurniawan, SH","Keagamaan, Sosial dan Kemanusiaan ",04 Juli 2014 s/d 03 Juli 2019
014.31.75.03.1001.43,GEMBALA BAIK,Jl. Jatinegara Barat No. 122,7,1,Kampung Melayu,Jatinegara,Jakarta Timur,021 85900924,"Sr. M. Catharina Wahyuningsih, RSG",Sosial Kemanusiaan Dan Keagamaan,07 Juli 2014 s/d 06 Juli 2019
014.31.75.10.1006.44,RIZKYTA,Jl. Raya Mabes Hankam No. 9,7,2,Bambu Apus,Cipayung,Jakarta Timur,021 68804372,"Eny Susilowati, SE, MM",Sosial Kemanusiaan Dan Keagamaan,14 Juli 2014 s/d 13 Juli 2019
014.31.75.07.1001.45,PERGURUAN BUDHAYA,Jl. Buaran Komplek Arlin Indah Blok L 21-22,8,15,Duren Sawit,Duren Sawit,Jakarta Timur,021 8607071,"Drs. Anton Supardjo, M.Pd",Sosial,16 Juli 2014 s/d 15 Juli 2019
014.31.75.02.1006.46,DHARMAWAN NURFAHMI,Jl. Kusen I No. 1,6,2,Kayu Putih,Pulogadung,Jakarta Timur,021 4718233 - 021 46254833,"Agus Eka Putra, SE","Keagamaan, Sosial dan Kemanusiaan ",16 Juli 2014 s/d 15 Juli 2019
014.31.75.01.1003.47,ORSOS AISYIYAH CABANG MATRAMAN,Jl. KH. A. Dahlan No. 20,1,9,Kayumanis,Matraman,Jakarta Timur,021 8571354,Hj. Tjutju Zubaedah,"Pendidikan, Sosial, Keagamaan dan Kemasyarakatan",21 Juli 2014 s/d 20 Juli 2019
014.31.75.09.1005.48,SARTIKA JAKARTA,Jl. Manunggal Raya No. 2 A,11,6,Cipinang Melayu,Makasar,Jakarta Timur,021 8609405,"Kartika Wati, ST",Sosial Kemanusiaan Dan Keagamaan,25 Agustus 2014 s/d 24 Agustus 2019
014.31.75.02.1007.49,ABDI WACANA,Jl. Pemuda No. 103,1,2,Jati,Pulogadung,Jakarta Timur,021 4702323,Matheus Agustinus . CH,"Sosial, Kemasyarakatan dan Pendidikan",29 Agustus 2014 s/d 28 Agustus 2019
014.31.75.07.1007.50,WARGA KRISTEN PONDOK KOPI,Jl. Pondok Kopi Raya Blok K W No.1,9,6,Pondok Kopi,Duren Sawit,Jakarta Timur,,Agustinus Sitanala,"Keagamaan, Kemanusiaan dan Sosial  ",05 September 2014 s/d 04 September 2019
014.31.75.03.1003.51,PHILIA UTAMA,Jl. Jatinegara Barat III No. 2 A,11,3,Balimester,Jatinegara,Jakarta Timur,,Hendy Kowanda,Sosial Kemanusiaan Dan Keagamaan,05 September 2014 s/d 04 September 2019
014.31.75.03.1008.52,ALMAGFIROH NURUL YAQIN,Jl. Prumpung Sawah,6,4,Cipinang Besar Utara,Jatinegara,Jakarta Timur,021 85906207,"Ahmad Bay Jurih, SH","Sosial, Keagamaan dan Kemanusiaan ",05 September 2014 s/d 04 September 2019
014.31.75.06.1006.53,PENDIDIKAN ISLAM AL-ISHLAH MADANI,Jl. Raya Bekasi Km. 26 Metland Menteng,9,2,Ujung Menteng,Cakung,Jakarta Timur,021 4607411,Drs. H. Nur Hasan Muhabar,Sosial Kemanusiaan Dan Keagamaan,15 September 2014 s/d 14 September 2019
014.31.75.02.1006.54,SYIAR BANGSA,"Plaza Summarecon Lt. 3, Jl. Perintis Kemerdekaan No. 42",,,Kayu Putih,Pulogadung,Jakarta Timur,021 4714567,Warno Jhon Wiliandi,Sosial Kemanusiaan Dan Keagamaan,16 September 2014 s/d 15 September 2019
014.31.75.02.1005.55,MINI BAKTI RAWAMANGUN,Jl. Kayu Jati III No. 7,1,5,Rawamangun,Pulogadung,Jakarta Timur,021 4715852,Ir. Novero,Sosial dan Pendidikan,17 September 2014 s/d 16 September 2019
014.31.75.03.1001.56,BANGUN CIPTA NEGERI,Jl. Matraman Raya 200,12,6,Kampung Melayu,Jatinegara,Jakarta Timur,,"Ir. Cindy Tahuwidjaya, MSc",Sosial Kemanusiaan Dan Keagamaan,22 September 2014 s/d 21 September 2019
014.31.75.07.1004.57,CAHAYA ILMU CENDEKIA,Jl. H. Naman No. 44,11,3,Pondok Kelapa,Duren Sawit,Jakarta Timur,021 86906360,"Muhammad Rifzeki, SE",Sosial Kemanusiaan Dan Keagamaan,24 September 2014 s/d 23 September 2019
014.31.75.04.1001.58,SANTO MARKUS,Jl. Kelapa Gading III,9,1,Kramat Jati,Kramat Jati,Jakarta Timur,021 8090500,"Drs. Mardiyamto, MM",Sosial Kemanusiaan Dan Keagamaan,26 September 2014 s/d 25 September 2019
014.31.75.03.1004.59,PENDIDIKAN KATOLIK LEO DEHON,Jl. DI. Panjaitan Kav. 46,2,6,Rawa Bunga,Jatinegara,Jakarta Timur,021 8193613 - 021 8193494,"Pst. Donatus Kusmartono, SCJ, MSc",Sosial dan Keagamaan,02 Oktober 2014 s/d 01 Oktober 2019
014.31.75.01.1006.60,RUMAH KAMPUS PENA,Jl. Kramat Asem No. 16,5,12,Utan Kayu Selatan,Matraman,Jakarta Timur,021 8581369,Dra. Endang rahayu,Sosial Kemanusiaan Dan Keagamaan,02 Oktober 2014 s/d 01 Oktober 2019
014.31.75.01.1006.61,MAKARIM WIBISONO,"Mitra Matraman Blok A-2, Jl. Matraman Raya No. 148",,17,Kebon Manggis,Matraman,Jakarta Timur,021 85918070 - 021 85918071,"Ninik Rustina Wati, SE",Sosial Kemanusiaan Dan Keagamaan,09 Oktober 2014 s/d 08 Oktober 2019
014.31.75.08.1003.62,ANUGERAH MUTIARA KASIH,Jl. Puri Mas I No. 1,16,8,Kelapa Dua Wetan,Ciracas,Jakarta Timur,021 9767189,Fernanda P. Breemer,Sosial dan Kemanusiaan ,10 Oktober 2014 s/d 09 Oktober 2019
014.31.75.07.1003.63,RABI'AH AL-ADAWIYAH,Kp. Sumur No. 7,11,10,Klender,Duren Sawit,Jakarta Timur,83357479,Hj. Barkah . HR,Sosial dan Pendidikan,15 Oktober 2014 s/d 14 Oktober 2019
014.31.75.03.1003.64,LEMBAGA DAKINAH DAN PENDIDIKAN ELDATA,Jl. Kebon Nanas Utara II/RW12 RT004/RW004,4,4,Cipinang Cempedak,Jatinegara,Jakarta Timur,021 8199992,"Moh. Syuaeb Alfaiz, Lc, M.Si",Sosial Kemanusiaan Dan Keagamaan,22 Oktober 2014 s/d 21 Oktober 2019
014.31.75.05.1003.65,SAMARIA GEMA GOLGOTA,Jl. Catur Darma No. 21,5,6,Cijantung,Pasar Rebo,Jakarta Timur,021 8412832 - 021 87781717,"Yoseph Ibrahim, Pdt",Sosial Kemanusiaan Dan Keagamaan,23 Oktober 2014 s/d 22 Oktober 2019
014.31.75.06.1003.66,PENDIDIKAN ISLAM ADDINIYAH HIKMATUL HUSNA,Jl. Marzuki VII No. 13 Kp. Jembatan,11,14,Penggilingan,Cakung,Jakarta Timur,,Drs. KH. Hasbullah,Sosial Kemanusiaan Dan Keagamaan,27 Oktober 2014 s/d 26 Oktober 2019
014.31.75.06.1002.67,MARYAM,Jl. Raya Bekasi Km. 20 No. 54 Kp. Pegangsaan I,2,3,Rawa Terate ,Cakung,Jakarta Timur,0812 87748084,Hj. Munawaroh,Sosial Kemanusiaan Dan Keagamaan,27 Oktober 2014 s/d 26 Oktober 2019
014.31.75.10.1005.68,CAHAYA INSAN MULIA DARUSSALAM,Perum Primkopti Blok B.7 No. 5,2,6,Setu,Cipayung,Jakarta Timur,021 84992770,Drs. Hasan Bisri,Sosial Kemanusiaan Dan Keagamaan,06 Nopember 2014 s/d 05 Nopember 2019
014.31.75.08.1003.69,KELUARGA DAKWAH,Jl. Malaka Jaya No. 10,3,1,Kelapa Dua Wetan,Ciracas,Jakarta Timur,021 294793346,Eko Febrianto,"Sosial, Keagamaan dan Kemanusiaan ",12 Nopember 2014 s/d 11 Nopember 2019
014.31.75.06.1003.70,RAJUTAN KADIH ABADI,Ruko Taman Pulo Indah II Taman Pulo Indah Blok VI No. 11,3,18,Penggilingan,Cakung,Jakarta Timur,0813 10006355,Heben Heser Ginting,"Sosial, Keagamaan dan Kemanusiaan ",12 Nopember 2014 s/d 11 Nopember 2019
014.31.75.07.1003.71,ADDINIYAH AL JAUHARIYAH,Jl. Buaran II No. 09,2,13,Klender,Duren Sawit,Jakarta Timur,021 8600925 - 0813 17559,Drs. H. Nur Dholam,"Sosial, Keagamaan dan Kemanusiaan ",17 Nopember 2014 s/d 16 Nopember 2019
014.31.75.10.1002.72,AZ MUNA,Jl. Swadaya V No. 25,3,5,Cilangkap,Cipayung,Jakarta Timur,021 84593203,"Ahmad Adnan, Lc",Sosial Kemanusiaan Dan Keagamaan,17 Nopember 2014 s/d 16 Nopember 2019
014.31.75.06.1004.73,NURUL IMAN AL MUCHTAR,Jl. Balai Rakyat No. 99,15,1,Cakung,Cakung,Jakarta Timur,021 46821810,Hj. Yayah Yuliah,Sosial dan Keagamaan,19 Nopember 2014 s/d 18 Nopember 2019
014.31.75.02.1002.74,SRI KANDI JAKARTA,Jl. Cipinang Kebentem V No. 32,12,13,Pisangan Timur,Pulogadung,Jakarta Timur,021 4892150,Ir. Hardadi,Sosial,27 Nopember 2014 s/d 26 Nopember 2019
014.31.75.08.1008.75,NUURUSSYAMSIYYAH,Jl. H. Baping No. 39,10,6,Susukan,Ciracas,Jakarta Timur,021 8414767 - 081388147023,Erma Nurlaela,Sosial Kemanusiaan Dan Keagamaan,02 Desember 2014 s/d 01 Desember 2019
014.31.75.10.1007.76,TUMBUH KEMBANG,Jl. Al Baido Raya No. 2A,10,6,Lubang Buaya,Cipayung,Jakarta Timur,021 87796464 - 0878 81526643,"Dr. Wan Hendra, Sp.A",Sosial Kemanusiaan Dan Keagamaan,02 Desember 2014 s/d 01 Desember 2019
014.31.75.07.1005.77,MASJID HIFDZHUL AMANAH,Jl. Delima III,14,3,Malaka Sari,Duren Sawit,Jakarta Timur,021 8600318 - 021 91283862,H. Ohim Iskandar,Sosial dan Keagamaan,03 Desember 2014 s/d 02 Desember 2019
014.31.75.07.1004.78,ITASA,Jl. Curug Raya No. 33,3,8,Pondok Kelapa,Duren Sawit,Jakarta Timur,021 8648180,"Iin Ismawati Ismono, SE","Keagamaan, Sosial dan Kemanusiaan",04 Desember 2014 s/d 03 Desember 2019
014.31.75.06.1001.79,AL-HAKIIM ,Kp. Rawa Badung,6,13,Jatinegara,Cakung,Jakarta Timur,0815 11209981,Abdul Haris Nasaiih,Sosial Kemanusiaan Dan Keagamaan,04 Desember 2014 s/d 03 Desember 2019
014.31.75.06.1003.80,PENDIDIKAN ISLAM IBNU RUSHD CAKUNG,Jl. Komarudin I No. 58,14,5,Penggilingan,Cakung,Jakarta Timur,021 48701320,H. Rusydi Marzuki,Sosial Kemanusiaan Dan Keagamaan,04 Desember 2014 s/d 03 Desember 2019
014.31.75.06.1003.81,DWIPAYASA AGUNG,Jl. Dr. Sumarno No. 29,5,,Penggilingan,Cakung,Jakarta Timur,021 4806558 - 0897 1166283,Sarkoro,Sosial Kemanusiaan Dan Keagamaan,04 Desember 2014 s/d 03 Desember 2019
014.31.75.02.1006.82,SUMMARECON PEDULI,"Gd. Plaza Summarecon Lt. 3, Jl. Perintis Kemerdekaam No. 42",,,Kayu Putih,Pulogadung,Jakarta Timur,021 4714567,Soegianto Nagaria,"Sosial, Keagamaan dan Kemanusiaan ",09 Desember 2014 s/d 08 Desember 2019
014.31.75.01.1002.83,PENDIDIKAN PEMBANGUNAN,Jl. Pengayoman III No. 90,4,10,Utan Kayu Utara,Matraman,Jakarta Timur,021 8509012,Agus Setiawan,Sosial Kemanusiaan Dan Keagamaan,12 Desember 2014 s/d 11 Desember 2019
014.31.75.06.1003.84,AGHISNA,Jl. Hasan III,12,4,Penggilingan,Cakung,Jakarta Timur,021 95604129 - 085695883621,"Mihardi, S.Pd.I",Sosial Kemanusiaan Dan Keagamaan,12 Desember 2014 s/d 11 Desember 2019
014.31.75.04.1007.85,PERKUMPULAN ORSOS PENGAWAL PERDAMAIAN DUNIA,"Gd. Nindya Karya Lt. 3 R.306, Jl. Letjen. MT. Haryono Kav. 22",4,1,Cawang,Kramat Jati,Jakarta Timur,,"Drs. H. Mardjito, SH",Sosial,16 Desember 2014 s/d 15 Desember 2019
014.31.75.06.1003.86,PERGURUAN AL-WASHLIYAH MATRAMAN JAKARTA,Jl. Kayu Manis 4 No. 41,10,3,Kayu Manis,Matraman,Jakarta Timur,021 8580952,"H. Muhammad Ridwan, S.Ag",Sosial dan Keagamaan,16 Desember 2014 s/d 15 Desember 2019
014.31.75.04.1005.87,MASJID AL-IKHLAS BALEKAMBANG,Jl. Pucung,11,2,Balekambang,Kramat Jati,Jakarta Timur,0808 853390,"H. Hidayat, S.Ag",Sosial Kemanusiaan Dan Keagamaan,22 Desember 2014 s/d 21 Desember 2019
014.31.75.04.1006.88,AS SAADAH AL KHAIRANIYYAH CONDET,Jl. Raya Condet No. 63,9,5,Cililitan,Kramat Jati,Jakarta Timur,021 8092157 - 80885748,H. Ahmad Namillah,"Sosial, Keagamaan dan Kemanusiaan ",22 Desember 2014 s/d 21 Desember 2019
014.31.75.07.1003.89,PRODUK HALAL INDONESIA,Jl. I Gusti Ngurah Rai No. 1 Komp. Pertokoan Mall Citra Klender Blok 2 No. 7,,,Klender,Duren Sawit,Jakarta Timur,021 8603303,"Dr. Muhammad Yanis Musdja, M.Sc",Sosial Kemanusiaan Dan Keagamaan,22 Desember 2014 s/d 21 Desember 2019
014.31.75.10.1006.90,CITRA DHARMA,Jl. Swadaya I No. 59,9,1,Bambu Apus,Cipayung,Jakarta Timur,021 8458112,"Ny. Insiyawati, SE",Sosial Kemanusiaan Dan Keagamaan,22 Desember 2014 s/d 21 Desember 2019
014.31.75.10.1003.91,MASDALIFAH,Jl. Raya Pondok Rangon No. 4,1,2,Pondok rangon,Cipayung,Jakarta Timur,021 843001155 - 082124367456,Hj. Nurjanah Harahap,Sosial dan Pendidikan,22 Desember 2014 s/d 21 Desember 2019
014.31.75.07.1002.92,NURUL IHSAN MUALLIM ANDUL BASITH,Jl. Sawah Barat dalam II,1,6,Pondok Bambu,Duren Sawit,Jakarta Timur,,"Tuti Yusro, S.Ag","Sosial, Keagamaan dan Kemanusiaan ",31 Desember 2014 s/d 30 Desember 2019
014.31.75.04.1004.93,LADBAIQ MU'AMALAH SYAR'IYYAH,Jl. Condet Raya No. 103,4,3,Batu Ampar,Kramat Jati,Jakarta Timur,,Muhamad Arief Maliki,Sosial Kemanusiaan Dan Keagamaan,31 Desember 2014 s/d 30 Desember 2019
014.31.75.10.1007.94,AS-SYIFA CENDIKIA JAKARTA,Jl. Manunggal,5,5,Lubang Buaya,Cipayung,Jakarta Timur,,"Chairul, S.SI","Pendidikan, Sosial dan Keagamaan",31 Desember 2014 s/d 30 Desember 2019
