tahun,nama_provinsi,nama_kabupaten/kota,nama_kecamatan,nama_kelurahan,status_perkawinan,jumlah_penduduk,,,,
2015,PROVINSI DKI JAKARTA,KAB.ADM.KEP.SERIBU,KEP. SERIBU UTR,P. PANGGANG,Belum Kawin,3199,,,,
2015,PROVINSI DKI JAKARTA,KAB.ADM.KEP.SERIBU,KEP. SERIBU UTR,P. KELAPA,Belum Kawin,3216,,,,
2015,PROVINSI DKI JAKARTA,KAB.ADM.KEP.SERIBU,KEP. SERIBU UTR,P. HARAPAN,Belum Kawin,1159,,,,
2015,PROVINSI DKI JAKARTA,KAB.ADM.KEP.SERIBU,KEP. SERIBU SLT,P. UNTUNG JAWA,Belum Kawin,1107,,,,
2015,PROVINSI DKI JAKARTA,KAB.ADM.KEP.SERIBU,KEP. SERIBU SLT,P. TIDUNG,Belum Kawin,2428,,,,
2015,PROVINSI DKI JAKARTA,KAB.ADM.KEP.SERIBU,KEP. SERIBU SLT,P. PARI,Belum Kawin,1379,,,,
2015,PROVINSI DKI JAKARTA,JAKARTA PUSAT,GAMBIR,GAMBIR,Belum Kawin,1572,,,,
2015,PROVINSI DKI JAKARTA,JAKARTA PUSAT,GAMBIR,CIDENG,Belum Kawin,9061,,,,
2015,PROVINSI DKI JAKARTA,JAKARTA PUSAT,GAMBIR,PETOJO UTARA,Belum Kawin,10574,,,,
2015,PROVINSI DKI JAKARTA,JAKARTA PUSAT,GAMBIR,PETOJO SELATAN,Belum Kawin,8714,,,,
2015,PROVINSI DKI JAKARTA,JAKARTA PUSAT,GAMBIR,KEBON KELAPA,Belum Kawin,6181,,,,
2015,PROVINSI DKI JAKARTA,JAKARTA PUSAT,GAMBIR,DURI PULO,Belum Kawin,12253,,,,
2015,PROVINSI DKI JAKARTA,JAKARTA PUSAT,SAWAH BESAR,PASAR BARU,Belum Kawin,7674,,,,
2015,PROVINSI DKI JAKARTA,JAKARTA PUSAT,SAWAH BESAR,KARANG ANYAR,Belum Kawin,15928,,,,
2015,PROVINSI DKI JAKARTA,JAKARTA PUSAT,SAWAH BESAR,KARTINI,Belum Kawin,13661,,,,
2015,PROVINSI DKI JAKARTA,JAKARTA PUSAT,SAWAH BESAR,GUNUNG SAHARI UTARA,Belum Kawin,9543,,,,
2015,PROVINSI DKI JAKARTA,JAKARTA PUSAT,SAWAH BESAR,MANGGA DUA SELATAN,Belum Kawin,16929,,,,
2015,PROVINSI DKI JAKARTA,JAKARTA PUSAT,KEMAYORAN,KEMAYORAN,Belum Kawin,12504,,,,
2015,PROVINSI DKI JAKARTA,JAKARTA PUSAT,KEMAYORAN,KEBON KOSONG,Belum Kawin,17154,,,,
2015,PROVINSI DKI JAKARTA,JAKARTA PUSAT,KEMAYORAN,HARAPAN MULIA,Belum Kawin,13719,,,,
2015,PROVINSI DKI JAKARTA,JAKARTA PUSAT,KEMAYORAN,SERDANG,Belum Kawin,17529,,,,
2015,PROVINSI DKI JAKARTA,JAKARTA PUSAT,KEMAYORAN,GUNUNG SAHARI SELATAN,Belum Kawin,11690,,,,
2015,PROVINSI DKI JAKARTA,JAKARTA PUSAT,KEMAYORAN,CEMPAKA BARU,Belum Kawin,19329,,,,
2015,PROVINSI DKI JAKARTA,JAKARTA PUSAT,KEMAYORAN,SUMUR BATU,Belum Kawin,13292,,,,
2015,PROVINSI DKI JAKARTA,JAKARTA PUSAT,KEMAYORAN,UTAN PANJANG,Belum Kawin,17346,,,,
2015,PROVINSI DKI JAKARTA,JAKARTA PUSAT,SENEN,SENEN,Belum Kawin,4366,,,,
2015,PROVINSI DKI JAKARTA,JAKARTA PUSAT,SENEN,KENARI,Belum Kawin,5510,,,,
2015,PROVINSI DKI JAKARTA,JAKARTA PUSAT,SENEN,PASEBAN,Belum Kawin,13928,,,,
2015,PROVINSI DKI JAKARTA,JAKARTA PUSAT,SENEN,KRAMAT,Belum Kawin,17281,,,,
2015,PROVINSI DKI JAKARTA,JAKARTA PUSAT,SENEN,KWITANG,Belum Kawin,9009,,,,
2015,PROVINSI DKI JAKARTA,JAKARTA PUSAT,SENEN,BUNGUR,Belum Kawin,10885,,,,
2015,PROVINSI DKI JAKARTA,JAKARTA PUSAT,CEMPAKA PUTIH,CEMPAKA PUTIH TIMUR,Belum Kawin,13324,,,,
2015,PROVINSI DKI JAKARTA,JAKARTA PUSAT,CEMPAKA PUTIH,CEMPAKA PUTIH BARAT,Belum Kawin,19887,,,,
2015,PROVINSI DKI JAKARTA,JAKARTA PUSAT,CEMPAKA PUTIH,RAWASARI,Belum Kawin,12334,,,,
2015,PROVINSI DKI JAKARTA,JAKARTA PUSAT,MENTENG,MENTENG,Belum Kawin,14776,,,,
2015,PROVINSI DKI JAKARTA,JAKARTA PUSAT,MENTENG,PEGANGSAAN,Belum Kawin,13557,,,,
2015,PROVINSI DKI JAKARTA,JAKARTA PUSAT,MENTENG,CIKINI,Belum Kawin,4979,,,,
2015,PROVINSI DKI JAKARTA,JAKARTA PUSAT,MENTENG,GONDANGDIA,Belum Kawin,2254,,,,
2015,PROVINSI DKI JAKARTA,JAKARTA PUSAT,MENTENG,KEBON SIRIH,Belum Kawin,7666,,,,
2015,PROVINSI DKI JAKARTA,JAKARTA PUSAT,TANAH ABANG,GELORA,Belum Kawin,1840,,,,
2015,PROVINSI DKI JAKARTA,JAKARTA PUSAT,TANAH ABANG,BENDUNGAN HILIR,Belum Kawin,12339,,,,
2015,PROVINSI DKI JAKARTA,JAKARTA PUSAT,TANAH ABANG,KARET TENGSIN,Belum Kawin,10963,,,,
2015,PROVINSI DKI JAKARTA,JAKARTA PUSAT,TANAH ABANG,PETAMBURAN,Belum Kawin,20290,,,,
2015,PROVINSI DKI JAKARTA,JAKARTA PUSAT,TANAH ABANG,KEBON MELATI,Belum Kawin,19501,,,,
2015,PROVINSI DKI JAKARTA,JAKARTA PUSAT,TANAH ABANG,KEBON KACANG,Belum Kawin,12758,,,,
2015,PROVINSI DKI JAKARTA,JAKARTA PUSAT,TANAH ABANG,KAMPUNG BALI,Belum Kawin,7143,,,,
2015,PROVINSI DKI JAKARTA,JAKARTA PUSAT,JOHAR BARU,JOHAR BARU,Belum Kawin,21859,,,,
2015,PROVINSI DKI JAKARTA,JAKARTA PUSAT,JOHAR BARU,KAMPUNG RAWA,Belum Kawin,12936,,,,
2015,PROVINSI DKI JAKARTA,JAKARTA PUSAT,JOHAR BARU,GALUR,Belum Kawin,10736,,,,
2015,PROVINSI DKI JAKARTA,JAKARTA PUSAT,JOHAR BARU,TANAH TINGGI,Belum Kawin,22763,,,,
2015,PROVINSI DKI JAKARTA,JAKARTA UTARA,PENJARINGAN,PENJARINGAN,Belum Kawin,57681,,,,
2015,PROVINSI DKI JAKARTA,JAKARTA UTARA,PENJARINGAN,KAMAL MUARA,Belum Kawin,6347,,,,
2015,PROVINSI DKI JAKARTA,JAKARTA UTARA,PENJARINGAN,KAPUK MUARA,Belum Kawin,18179,,,,
2015,PROVINSI DKI JAKARTA,JAKARTA UTARA,PENJARINGAN,PEJAGALAN,Belum Kawin,43494,,,,
2015,PROVINSI DKI JAKARTA,JAKARTA UTARA,PENJARINGAN,PLUIT,Belum Kawin,23576,,,,
2015,PROVINSI DKI JAKARTA,JAKARTA UTARA,TANJUNG PRIOK,TANJUNG PRIOK,Belum Kawin,20162,,,,
2015,PROVINSI DKI JAKARTA,JAKARTA UTARA,TANJUNG PRIOK,SUNTER JAYA,Belum Kawin,33921,,,,
2015,PROVINSI DKI JAKARTA,JAKARTA UTARA,TANJUNG PRIOK,PAPANGGO,Belum Kawin,22667,,,,
2015,PROVINSI DKI JAKARTA,JAKARTA UTARA,TANJUNG PRIOK,SUNGAI BAMBU,Belum Kawin,17757,,,,
2015,PROVINSI DKI JAKARTA,JAKARTA UTARA,TANJUNG PRIOK,KEBON BAWANG,Belum Kawin,30029,,,,
2015,PROVINSI DKI JAKARTA,JAKARTA UTARA,TANJUNG PRIOK,SUNTER AGUNG,Belum Kawin,39172,,,,
2015,PROVINSI DKI JAKARTA,JAKARTA UTARA,TANJUNG PRIOK,WARAKAS,Belum Kawin,25881,,,,
2015,PROVINSI DKI JAKARTA,JAKARTA UTARA,KOJA,KOJA,Belum Kawin,17389,,,,
2015,PROVINSI DKI JAKARTA,JAKARTA UTARA,KOJA,TUGU UTARA,Belum Kawin,39741,,,,
2015,PROVINSI DKI JAKARTA,JAKARTA UTARA,KOJA,LAGOA,Belum Kawin,34523,,,,
2015,PROVINSI DKI JAKARTA,JAKARTA UTARA,KOJA,RAWA BADAK UTARA,Belum Kawin,20248,,,,
2015,PROVINSI DKI JAKARTA,JAKARTA UTARA,KOJA,TUGU SELATAN,Belum Kawin,23601,,,,
2015,PROVINSI DKI JAKARTA,JAKARTA UTARA,KOJA,RAWA BADAK SELATAN,Belum Kawin,23750,,,,
2015,PROVINSI DKI JAKARTA,JAKARTA UTARA,CILINCING,CILINCING,Belum Kawin,25525,,,,
2015,PROVINSI DKI JAKARTA,JAKARTA UTARA,CILINCING,SUKAPURA,Belum Kawin,31611,,,,
2015,PROVINSI DKI JAKARTA,JAKARTA UTARA,CILINCING,MARUNDA,Belum Kawin,14918,,,,
2015,PROVINSI DKI JAKARTA,JAKARTA UTARA,CILINCING,KALI BARU,Belum Kawin,42846,,,,
2015,PROVINSI DKI JAKARTA,JAKARTA UTARA,CILINCING,SEMPER TIMUR,Belum Kawin,20521,,,,
2015,PROVINSI DKI JAKARTA,JAKARTA UTARA,CILINCING,ROROTAN,Belum Kawin,21528,,,,
2015,PROVINSI DKI JAKARTA,JAKARTA UTARA,CILINCING,SEMPER BARAT,Belum Kawin,38747,,,,
2015,PROVINSI DKI JAKARTA,JAKARTA UTARA,PADEMANGAN,PADEMANGAN TIMUR,Belum Kawin,20610,,,,
2015,PROVINSI DKI JAKARTA,JAKARTA UTARA,PADEMANGAN,PADEMANGAN BARAT,Belum Kawin,43651,,,,
2015,PROVINSI DKI JAKARTA,JAKARTA UTARA,PADEMANGAN,ANCOL,Belum Kawin,14912,,,,
2015,PROVINSI DKI JAKARTA,JAKARTA UTARA,KELAPA GADING,KELAPA GADING TIMUR,Belum Kawin,17571,,,,
2015,PROVINSI DKI JAKARTA,JAKARTA UTARA,KELAPA GADING,PEGANGSAAN DUA,Belum Kawin,25557,,,,
2015,PROVINSI DKI JAKARTA,JAKARTA UTARA,KELAPA GADING,KELAPA GADING BARAT,Belum Kawin,19027,,,,
2015,PROVINSI DKI JAKARTA,JAKARTA BARAT,CENGKARENG,CENGKARENG BARAT,Belum Kawin,36603,,,,
2015,PROVINSI DKI JAKARTA,JAKARTA BARAT,CENGKARENG,DURI KOSAMBI,Belum Kawin,42402,,,,
2015,PROVINSI DKI JAKARTA,JAKARTA BARAT,CENGKARENG,RAWA BUAYA,Belum Kawin,33563,,,,
2015,PROVINSI DKI JAKARTA,JAKARTA BARAT,CENGKARENG,KEDAUNG KALI ANGKE,Belum Kawin,17385,,,,
2015,PROVINSI DKI JAKARTA,JAKARTA BARAT,CENGKARENG,KAPUK,Belum Kawin,71934,,,,
2015,PROVINSI DKI JAKARTA,JAKARTA BARAT,CENGKARENG,CENGKARENG TIMUR,Belum Kawin,43357,,,,
2015,PROVINSI DKI JAKARTA,JAKARTA BARAT,GROGOL PETAMBURAN,GROGOL,Belum Kawin,9335,,,,
2015,PROVINSI DKI JAKARTA,JAKARTA BARAT,GROGOL PETAMBURAN,TANJUNG DUREN UTARA,Belum Kawin,9255,,,,
2015,PROVINSI DKI JAKARTA,JAKARTA BARAT,GROGOL PETAMBURAN,TOMANG,Belum Kawin,16468,,,,
2015,PROVINSI DKI JAKARTA,JAKARTA BARAT,GROGOL PETAMBURAN,JELAMBAR,Belum Kawin,16546,,,,
2015,PROVINSI DKI JAKARTA,JAKARTA BARAT,GROGOL PETAMBURAN,TANJUNG DUREN SELATAN,Belum Kawin,13591,,,,
2015,PROVINSI DKI JAKARTA,JAKARTA BARAT,GROGOL PETAMBURAN,JELAMBAR BARU,Belum Kawin,21321,,,,
2015,PROVINSI DKI JAKARTA,JAKARTA BARAT,GROGOL PETAMBURAN,WIJAYA KUSUMA,Belum Kawin,21500,,,,
2015,PROVINSI DKI JAKARTA,JAKARTA BARAT,TAMAN SARI,TAMAN SARI,Belum Kawin,8199,,,,
2015,PROVINSI DKI JAKARTA,JAKARTA BARAT,TAMAN SARI,KRUKUT,Belum Kawin,10976,,,,
2015,PROVINSI DKI JAKARTA,JAKARTA BARAT,TAMAN SARI,MAPHAR,Belum Kawin,9944,,,,
2015,PROVINSI DKI JAKARTA,JAKARTA BARAT,TAMAN SARI,TANGKI,Belum Kawin,7370,,,,
2015,PROVINSI DKI JAKARTA,JAKARTA BARAT,TAMAN SARI,MANGGA BESAR,Belum Kawin,4319,,,,
2015,PROVINSI DKI JAKARTA,JAKARTA BARAT,TAMAN SARI,KEAGUNGAN,Belum Kawin,9920,,,,
2015,PROVINSI DKI JAKARTA,JAKARTA BARAT,TAMAN SARI,GLODOK,Belum Kawin,4216,,,,
2015,PROVINSI DKI JAKARTA,JAKARTA BARAT,TAMAN SARI,PINANGSIA,Belum Kawin,6160,,,,
2015,PROVINSI DKI JAKARTA,JAKARTA BARAT,TAMBORA,TAMBORA,Belum Kawin,6088,,,,
2015,PROVINSI DKI JAKARTA,JAKARTA BARAT,TAMBORA,KALI ANYAR,Belum Kawin,14209,,,,
2015,PROVINSI DKI JAKARTA,JAKARTA BARAT,TAMBORA,DURI UTARA,Belum Kawin,12004,,,,
2015,PROVINSI DKI JAKARTA,JAKARTA BARAT,TAMBORA,TANAH SEREAL,Belum Kawin,15233,,,,
2015,PROVINSI DKI JAKARTA,JAKARTA BARAT,TAMBORA,KERENDANG,Belum Kawin,11719,,,,
2015,PROVINSI DKI JAKARTA,JAKARTA BARAT,TAMBORA,JEMBATAN BESI,Belum Kawin,17861,,,,
2015,PROVINSI DKI JAKARTA,JAKARTA BARAT,TAMBORA,ANGKE,Belum Kawin,17665,,,,
2015,PROVINSI DKI JAKARTA,JAKARTA BARAT,TAMBORA,JEMBATAN LIMA,Belum Kawin,12164,,,,
2015,PROVINSI DKI JAKARTA,JAKARTA BARAT,TAMBORA,PEKOJAN,Belum Kawin,13458,,,,
2015,PROVINSI DKI JAKARTA,JAKARTA BARAT,TAMBORA,ROA MALAKA,Belum Kawin,1904,,,,
2015,PROVINSI DKI JAKARTA,JAKARTA BARAT,TAMBORA,DURI SELATAN,Belum Kawin,8348,,,,
2015,PROVINSI DKI JAKARTA,JAKARTA BARAT,KEBON JERUK,KEBON JERUK,Belum Kawin,28037,,,,
2015,PROVINSI DKI JAKARTA,JAKARTA BARAT,KEBON JERUK,SUKABUMI UTARA,Belum Kawin,21730,,,,
2015,PROVINSI DKI JAKARTA,JAKARTA BARAT,KEBON JERUK,SUKABUMI SELATAN,Belum Kawin,20648,,,,
2015,PROVINSI DKI JAKARTA,JAKARTA BARAT,KEBON JERUK,KELAPA DUA,Belum Kawin,12939,,,,
2015,PROVINSI DKI JAKARTA,JAKARTA BARAT,KEBON JERUK,DURI KEPA,Belum Kawin,32091,,,,
2015,PROVINSI DKI JAKARTA,JAKARTA BARAT,KEBON JERUK,KEDOYA UTARA,Belum Kawin,24015,,,,
2015,PROVINSI DKI JAKARTA,JAKARTA BARAT,KEBON JERUK,KEDOYA SELATAN,Belum Kawin,16991,,,,
2015,PROVINSI DKI JAKARTA,JAKARTA BARAT,KALI DERES,KALIDERES,Belum Kawin,38835,,,,
2015,PROVINSI DKI JAKARTA,JAKARTA BARAT,KALI DERES,SEMANAN,Belum Kawin,38631,,,,
2015,PROVINSI DKI JAKARTA,JAKARTA BARAT,KALI DERES,TEGAL ALUR,Belum Kawin,45631,,,,
2015,PROVINSI DKI JAKARTA,JAKARTA BARAT,KALI DERES,KAMAL,Belum Kawin,30668,,,,
2015,PROVINSI DKI JAKARTA,JAKARTA BARAT,KALI DERES,PEGADUNGAN,Belum Kawin,39096,,,,
2015,PROVINSI DKI JAKARTA,JAKARTA BARAT,PALMERAH,PALMERAH,Belum Kawin,34773,,,,
2015,PROVINSI DKI JAKARTA,JAKARTA BARAT,PALMERAH,SLIPI,Belum Kawin,9307,,,,
2015,PROVINSI DKI JAKARTA,JAKARTA BARAT,PALMERAH,KOTA BAMBU UTARA,Belum Kawin,14689,,,,
2015,PROVINSI DKI JAKARTA,JAKARTA BARAT,PALMERAH,JATI PULO,Belum Kawin,16376,,,,
2015,PROVINSI DKI JAKARTA,JAKARTA BARAT,PALMERAH,KEMANGGISAN,Belum Kawin,18442,,,,
2015,PROVINSI DKI JAKARTA,JAKARTA BARAT,PALMERAH,KOTA BAMBU SELATAN,Belum Kawin,12410,,,,
2015,PROVINSI DKI JAKARTA,JAKARTA BARAT,KEMBANGAN,KEMBANGAN UTARA,Belum Kawin,29328,,,,
2015,PROVINSI DKI JAKARTA,JAKARTA BARAT,KEMBANGAN,MERUYA UTARA,Belum Kawin,21910,,,,
2015,PROVINSI DKI JAKARTA,JAKARTA BARAT,KEMBANGAN,MERUYA SELATAN,Belum Kawin,17213,,,,
2015,PROVINSI DKI JAKARTA,JAKARTA BARAT,KEMBANGAN,SRENGSENG,Belum Kawin,23612,,,,
2015,PROVINSI DKI JAKARTA,JAKARTA BARAT,KEMBANGAN,JOGLO,Belum Kawin,21338,,,,
2015,PROVINSI DKI JAKARTA,JAKARTA BARAT,KEMBANGAN,KEMBANGAN SELATAN,Belum Kawin,13830,,,,
2015,PROVINSI DKI JAKARTA,JAKARTA SELATAN,TEBET,TEBET TIMUR,Belum Kawin,9766,,,,
2015,PROVINSI DKI JAKARTA,JAKARTA SELATAN,TEBET,TEBET BARAT,Belum Kawin,11726,,,,
2015,PROVINSI DKI JAKARTA,JAKARTA SELATAN,TEBET,MENTENG DALAM,Belum Kawin,20501,,,,
2015,PROVINSI DKI JAKARTA,JAKARTA SELATAN,TEBET,KEBON BARU,Belum Kawin,20103,,,,
2015,PROVINSI DKI JAKARTA,JAKARTA SELATAN,TEBET,BUKIT DURI,Belum Kawin,20555,,,,
2015,PROVINSI DKI JAKARTA,JAKARTA SELATAN,TEBET,MANGGARAI SELATAN,Belum Kawin,12947,,,,
2015,PROVINSI DKI JAKARTA,JAKARTA SELATAN,TEBET,MANGGARAI,Belum Kawin,16296,,,,
2015,PROVINSI DKI JAKARTA,JAKARTA SELATAN,SETIA BUDI,SETIA BUDI,Belum Kawin,1740,,,,
2015,PROVINSI DKI JAKARTA,JAKARTA SELATAN,SETIA BUDI,KARET SEMANGGI,Belum Kawin,1379,,,,
2015,PROVINSI DKI JAKARTA,JAKARTA SELATAN,SETIA BUDI,KARET KUNINGAN,Belum Kawin,9043,,,,
2015,PROVINSI DKI JAKARTA,JAKARTA SELATAN,SETIA BUDI,KARET,Belum Kawin,5837,,,,
2015,PROVINSI DKI JAKARTA,JAKARTA SELATAN,SETIA BUDI,MENTENG ATAS,Belum Kawin,15725,,,,
2015,PROVINSI DKI JAKARTA,JAKARTA SELATAN,SETIA BUDI,PASAR MANGGIS,Belum Kawin,15364,,,,
2015,PROVINSI DKI JAKARTA,JAKARTA SELATAN,SETIA BUDI,GUNTUR,Belum Kawin,2246,,,,
2015,PROVINSI DKI JAKARTA,JAKARTA SELATAN,SETIA BUDI,KUNINGAN TIMUR,Belum Kawin,3403,,,,
2015,PROVINSI DKI JAKARTA,JAKARTA SELATAN,MAMPANG PRAPATAN,MAMPANG PRAPATAN,Belum Kawin,10726,,,,
2015,PROVINSI DKI JAKARTA,JAKARTA SELATAN,MAMPANG PRAPATAN,BANGKA,Belum Kawin,12051,,,,
2015,PROVINSI DKI JAKARTA,JAKARTA SELATAN,MAMPANG PRAPATAN,PELA MAMPANG,Belum Kawin,24726,,,,
2015,PROVINSI DKI JAKARTA,JAKARTA SELATAN,MAMPANG PRAPATAN,TEGAL PARANG,Belum Kawin,18594,,,,
2015,PROVINSI DKI JAKARTA,JAKARTA SELATAN,MAMPANG PRAPATAN,KUNINGAN BARAT,Belum Kawin,7367,,,,
2015,PROVINSI DKI JAKARTA,JAKARTA SELATAN,PASAR MINGGU,PASAR MINGGU,Belum Kawin,13755,,,,
2015,PROVINSI DKI JAKARTA,JAKARTA SELATAN,PASAR MINGGU,JATI PADANG,Belum Kawin,20437,,,,
2015,PROVINSI DKI JAKARTA,JAKARTA SELATAN,PASAR MINGGU,CILANDAK TIMUR,Belum Kawin,14007,,,,
2015,PROVINSI DKI JAKARTA,JAKARTA SELATAN,PASAR MINGGU,RAGUNAN,Belum Kawin,21594,,,,
2015,PROVINSI DKI JAKARTA,JAKARTA SELATAN,PASAR MINGGU,PEJATEN TIMUR,Belum Kawin,32544,,,,
2015,PROVINSI DKI JAKARTA,JAKARTA SELATAN,PASAR MINGGU,PEJATEN BARAT,Belum Kawin,20465,,,,
2015,PROVINSI DKI JAKARTA,JAKARTA SELATAN,PASAR MINGGU,KEBAGUSAN,Belum Kawin,24131,,,,
2015,PROVINSI DKI JAKARTA,JAKARTA SELATAN,KEBAYORAN LAMA,KEBAYORAN LAMA UTARA,Belum Kawin,23531,,,,
2015,PROVINSI DKI JAKARTA,JAKARTA SELATAN,KEBAYORAN LAMA,PONDOK PINANG,Belum Kawin,30272,,,,
2015,PROVINSI DKI JAKARTA,JAKARTA SELATAN,KEBAYORAN LAMA,CIPULIR,Belum Kawin,21704,,,,
2015,PROVINSI DKI JAKARTA,JAKARTA SELATAN,KEBAYORAN LAMA,GROGOL UTARA,Belum Kawin,23949,,,,
2015,PROVINSI DKI JAKARTA,JAKARTA SELATAN,KEBAYORAN LAMA,GROGOL SELATAN,Belum Kawin,24235,,,,
2015,PROVINSI DKI JAKARTA,JAKARTA SELATAN,KEBAYORAN LAMA,KEBAYORAN LAMA SELATAN,Belum Kawin,21728,,,,
2015,PROVINSI DKI JAKARTA,JAKARTA SELATAN,CILANDAK,CILANDAK BARAT,Belum Kawin,27694,,,,
2015,PROVINSI DKI JAKARTA,JAKARTA SELATAN,CILANDAK,LEBAK BULUS,Belum Kawin,19700,,,,
2015,PROVINSI DKI JAKARTA,JAKARTA SELATAN,CILANDAK,PONDOK LABU,Belum Kawin,24385,,,,
2015,PROVINSI DKI JAKARTA,JAKARTA SELATAN,CILANDAK,GANDARIA SELATAN,Belum Kawin,12126,,,,
2015,PROVINSI DKI JAKARTA,JAKARTA SELATAN,CILANDAK,CIPETE SELATAN,Belum Kawin,15047,,,,
2015,PROVINSI DKI JAKARTA,JAKARTA SELATAN,KEBAYORAN BARU,MELAWAI,Belum Kawin,1459,,,,
2015,PROVINSI DKI JAKARTA,JAKARTA SELATAN,KEBAYORAN BARU,GUNUNG,Belum Kawin,4997,,,,
2015,PROVINSI DKI JAKARTA,JAKARTA SELATAN,KEBAYORAN BARU,KRAMAT PELA,Belum Kawin,7968,,,,
2015,PROVINSI DKI JAKARTA,JAKARTA SELATAN,KEBAYORAN BARU,SELONG,Belum Kawin,1631,,,,
2015,PROVINSI DKI JAKARTA,JAKARTA SELATAN,KEBAYORAN BARU,RAWA BARAT,Belum Kawin,3041,,,,
2015,PROVINSI DKI JAKARTA,JAKARTA SELATAN,KEBAYORAN BARU,SENAYAN,Belum Kawin,1891,,,,
2015,PROVINSI DKI JAKARTA,JAKARTA SELATAN,KEBAYORAN BARU,PULO,Belum Kawin,3298,,,,
2015,PROVINSI DKI JAKARTA,JAKARTA SELATAN,KEBAYORAN BARU,PETOGOGAN,Belum Kawin,6577,,,,
2015,PROVINSI DKI JAKARTA,JAKARTA SELATAN,KEBAYORAN BARU,GANDARIA UTARA,Belum Kawin,22139,,,,
2015,PROVINSI DKI JAKARTA,JAKARTA SELATAN,KEBAYORAN BARU,CIPETE UTARA,Belum Kawin,18898,,,,
2015,PROVINSI DKI JAKARTA,JAKARTA SELATAN,PANCORAN,PANCORAN,Belum Kawin,10709,,,,
2015,PROVINSI DKI JAKARTA,JAKARTA SELATAN,PANCORAN,KALIBATA,Belum Kawin,23475,,,,
2015,PROVINSI DKI JAKARTA,JAKARTA SELATAN,PANCORAN,RAWA JATI,Belum Kawin,10232,,,,
2015,PROVINSI DKI JAKARTA,JAKARTA SELATAN,PANCORAN,DUREN TIGA,Belum Kawin,15714,,,,
2015,PROVINSI DKI JAKARTA,JAKARTA SELATAN,PANCORAN,PENGADEGAN,Belum Kawin,11145,,,,
2015,PROVINSI DKI JAKARTA,JAKARTA SELATAN,PANCORAN,CIKOKO,Belum Kawin,6236,,,,
2015,PROVINSI DKI JAKARTA,JAKARTA SELATAN,JAGAKARSA,JAGAKARSA,Belum Kawin,32442,,,,
2015,PROVINSI DKI JAKARTA,JAKARTA SELATAN,JAGAKARSA,SRENGSENG SAWAH,Belum Kawin,30820,,,,
2015,PROVINSI DKI JAKARTA,JAKARTA SELATAN,JAGAKARSA,CIGANJUR,Belum Kawin,19271,,,,
2015,PROVINSI DKI JAKARTA,JAKARTA SELATAN,JAGAKARSA,LENTENG AGUNG,Belum Kawin,28946,,,,
2015,PROVINSI DKI JAKARTA,JAKARTA SELATAN,JAGAKARSA,TANJUNG BARAT,Belum Kawin,21501,,,,
2015,PROVINSI DKI JAKARTA,JAKARTA SELATAN,JAGAKARSA,CIPEDAK,Belum Kawin,19508,,,,
2015,PROVINSI DKI JAKARTA,JAKARTA SELATAN,PESANGGRAHAN,PESANGGRAHAN,Belum Kawin,15198,,,,
2015,PROVINSI DKI JAKARTA,JAKARTA SELATAN,PESANGGRAHAN,BINTARO,Belum Kawin,28041,,,,
2015,PROVINSI DKI JAKARTA,JAKARTA SELATAN,PESANGGRAHAN,PETUKANGAN UTARA,Belum Kawin,28868,,,,
2015,PROVINSI DKI JAKARTA,JAKARTA SELATAN,PESANGGRAHAN,PETUKANGAN SELATAN,Belum Kawin,19756,,,,
2015,PROVINSI DKI JAKARTA,JAKARTA SELATAN,PESANGGRAHAN,ULUJAMI,Belum Kawin,22488,,,,
2015,PROVINSI DKI JAKARTA,JAKARTA TIMUR,MATRAMAN,PISANGAN BARU,Belum Kawin,18211,,,,
2015,PROVINSI DKI JAKARTA,JAKARTA TIMUR,MATRAMAN,UTAN KAYU UTARA,Belum Kawin,16067,,,,
2015,PROVINSI DKI JAKARTA,JAKARTA TIMUR,MATRAMAN,KAYU MANIS,Belum Kawin,14746,,,,
2015,PROVINSI DKI JAKARTA,JAKARTA TIMUR,MATRAMAN,PAL MERIAM,Belum Kawin,11556,,,,
2015,PROVINSI DKI JAKARTA,JAKARTA TIMUR,MATRAMAN,KEBON MANGGIS,Belum Kawin,9554,,,,
2015,PROVINSI DKI JAKARTA,JAKARTA TIMUR,MATRAMAN,UTAN KAYU SELATAN,Belum Kawin,18685,,,,
2015,PROVINSI DKI JAKARTA,JAKARTA TIMUR,PULO GADUNG,PULO GADUNG,Belum Kawin,18784,,,,
2015,PROVINSI DKI JAKARTA,JAKARTA TIMUR,PULO GADUNG,PISANGAN TIMUR,Belum Kawin,23347,,,,
2015,PROVINSI DKI JAKARTA,JAKARTA TIMUR,PULO GADUNG,CIPINANG,Belum Kawin,22164,,,,
2015,PROVINSI DKI JAKARTA,JAKARTA TIMUR,PULO GADUNG,JATINEGARA KAUM,Belum Kawin,13307,,,,
2015,PROVINSI DKI JAKARTA,JAKARTA TIMUR,PULO GADUNG,RAWAMANGUN,Belum Kawin,21383,,,,
2015,PROVINSI DKI JAKARTA,JAKARTA TIMUR,PULO GADUNG,KAYU PUTIH,Belum Kawin,22629,,,,
2015,PROVINSI DKI JAKARTA,JAKARTA TIMUR,PULO GADUNG,JATI,Belum Kawin,18033,,,,
2015,PROVINSI DKI JAKARTA,JAKARTA TIMUR,JATINEGARA,KAMPUNG MELAYU,Belum Kawin,15204,,,,
2015,PROVINSI DKI JAKARTA,JAKARTA TIMUR,JATINEGARA,BIDARA CINA,Belum Kawin,22380,,,,
2015,PROVINSI DKI JAKARTA,JAKARTA TIMUR,JATINEGARA,BALI MESTER,Belum Kawin,5540,,,,
2015,PROVINSI DKI JAKARTA,JAKARTA TIMUR,JATINEGARA,RAWA BUNGA,Belum Kawin,12346,,,,
2015,PROVINSI DKI JAKARTA,JAKARTA TIMUR,JATINEGARA,CIPINANG CEMPEDAK,Belum Kawin,18648,,,,
2015,PROVINSI DKI JAKARTA,JAKARTA TIMUR,JATINEGARA,CIPINANG MUARA,Belum Kawin,30793,,,,
2015,PROVINSI DKI JAKARTA,JAKARTA TIMUR,JATINEGARA,CIPINANG BESAR SELATAN,Belum Kawin,19710,,,,
2015,PROVINSI DKI JAKARTA,JAKARTA TIMUR,JATINEGARA,CIPINANG BESAR UTARA,Belum Kawin,27999,,,,
2015,PROVINSI DKI JAKARTA,JAKARTA TIMUR,KRAMAT JATI,KRAMAT JATI,Belum Kawin,19453,,,,
2015,PROVINSI DKI JAKARTA,JAKARTA TIMUR,KRAMAT JATI,KAMPUNG TENGAH,Belum Kawin,24829,,,,
2015,PROVINSI DKI JAKARTA,JAKARTA TIMUR,KRAMAT JATI,DUKUH,Belum Kawin,13500,,,,
2015,PROVINSI DKI JAKARTA,JAKARTA TIMUR,KRAMAT JATI,BATU AMPAR,Belum Kawin,26074,,,,
2015,PROVINSI DKI JAKARTA,JAKARTA TIMUR,KRAMAT JATI,BALE KAMBANG,Belum Kawin,15803,,,,
2015,PROVINSI DKI JAKARTA,JAKARTA TIMUR,KRAMAT JATI,CILILITAN,Belum Kawin,23464,,,,
2015,PROVINSI DKI JAKARTA,JAKARTA TIMUR,KRAMAT JATI,CAWANG,Belum Kawin,19520,,,,
2015,PROVINSI DKI JAKARTA,JAKARTA TIMUR,PASAR REBO,GEDONG,Belum Kawin,19466,,,,
2015,PROVINSI DKI JAKARTA,JAKARTA TIMUR,PASAR REBO,BARU,Belum Kawin,13717,,,,
2015,PROVINSI DKI JAKARTA,JAKARTA TIMUR,PASAR REBO,CIJANTUNG,Belum Kawin,22236,,,,
2015,PROVINSI DKI JAKARTA,JAKARTA TIMUR,PASAR REBO,KALISARI,Belum Kawin,23395,,,,
2015,PROVINSI DKI JAKARTA,JAKARTA TIMUR,PASAR REBO,PEKAYON,Belum Kawin,23339,,,,
2015,PROVINSI DKI JAKARTA,JAKARTA TIMUR,CAKUNG,JATINEGARA,Belum Kawin,46991,,,,
2015,PROVINSI DKI JAKARTA,JAKARTA TIMUR,CAKUNG,RAWA TERATE,Belum Kawin,14941,,,,
2015,PROVINSI DKI JAKARTA,JAKARTA TIMUR,CAKUNG,PENGGILINGAN,Belum Kawin,53186,,,,
2015,PROVINSI DKI JAKARTA,JAKARTA TIMUR,CAKUNG,CAKUNG TIMUR,Belum Kawin,32288,,,,
2015,PROVINSI DKI JAKARTA,JAKARTA TIMUR,CAKUNG,PULO GEBANG,Belum Kawin,50142,,,,
2015,PROVINSI DKI JAKARTA,JAKARTA TIMUR,CAKUNG,UJUNG MENTENG,Belum Kawin,16222,,,,
2015,PROVINSI DKI JAKARTA,JAKARTA TIMUR,CAKUNG,CAKUNG BARAT,Belum Kawin,32841,,,,
2015,PROVINSI DKI JAKARTA,JAKARTA TIMUR,DUREN SAWIT,DUREN SAWIT,Belum Kawin,32910,,,,
2015,PROVINSI DKI JAKARTA,JAKARTA TIMUR,DUREN SAWIT,PONDOK BAMBU,Belum Kawin,33566,,,,
2015,PROVINSI DKI JAKARTA,JAKARTA TIMUR,DUREN SAWIT,KLENDER,Belum Kawin,40106,,,,
2015,PROVINSI DKI JAKARTA,JAKARTA TIMUR,DUREN SAWIT,PONDOK KELAPA,Belum Kawin,37940,,,,
2015,PROVINSI DKI JAKARTA,JAKARTA TIMUR,DUREN SAWIT,MALAKA SARI,Belum Kawin,15695,,,,
2015,PROVINSI DKI JAKARTA,JAKARTA TIMUR,DUREN SAWIT,MALAKA JAYA,Belum Kawin,17408,,,,
2015,PROVINSI DKI JAKARTA,JAKARTA TIMUR,DUREN SAWIT,PONDOK KOPI,Belum Kawin,19635,,,,
2015,PROVINSI DKI JAKARTA,JAKARTA TIMUR,MAKASAR,MAKASAR,Belum Kawin,18771,,,,
2015,PROVINSI DKI JAKARTA,JAKARTA TIMUR,MAKASAR,PINANG RANTI,Belum Kawin,14648,,,,
2015,PROVINSI DKI JAKARTA,JAKARTA TIMUR,MAKASAR,KEBON PALA,Belum Kawin,25899,,,,
2015,PROVINSI DKI JAKARTA,JAKARTA TIMUR,MAKASAR,HALIM PERDANA KUSUMAH,Belum Kawin,17168,,,,
2015,PROVINSI DKI JAKARTA,JAKARTA TIMUR,MAKASAR,CIPINANG MELAYU,Belum Kawin,24053,,,,
2015,PROVINSI DKI JAKARTA,JAKARTA TIMUR,CIRACAS,CIRACAS,Belum Kawin,35413,,,,
2015,PROVINSI DKI JAKARTA,JAKARTA TIMUR,CIRACAS,CIBUBUR,Belum Kawin,35399,,,,
2015,PROVINSI DKI JAKARTA,JAKARTA TIMUR,CIRACAS,KELAPA DUA WETAN,Belum Kawin,24322,,,,
2015,PROVINSI DKI JAKARTA,JAKARTA TIMUR,CIRACAS,SUSUKAN,Belum Kawin,20810,,,,
2015,PROVINSI DKI JAKARTA,JAKARTA TIMUR,CIRACAS,RAMBUTAN,Belum Kawin,20343,,,,
2015,PROVINSI DKI JAKARTA,JAKARTA TIMUR,CIPAYUNG,CIPAYUNG,Belum Kawin,13790,,,,
2015,PROVINSI DKI JAKARTA,JAKARTA TIMUR,CIPAYUNG,CILANGKAP,Belum Kawin,14444,,,,
2015,PROVINSI DKI JAKARTA,JAKARTA TIMUR,CIPAYUNG,PONDOK RANGGON,Belum Kawin,13154,,,,
2015,PROVINSI DKI JAKARTA,JAKARTA TIMUR,CIPAYUNG,MUNJUL,Belum Kawin,12508,,,,
2015,PROVINSI DKI JAKARTA,JAKARTA TIMUR,CIPAYUNG,SETU,Belum Kawin,10251,,,,
2015,PROVINSI DKI JAKARTA,JAKARTA TIMUR,CIPAYUNG,BAMBU APUS,Belum Kawin,13496,,,,
2015,PROVINSI DKI JAKARTA,JAKARTA TIMUR,CIPAYUNG,LUBANG BUAYA,Belum Kawin,34546,,,,
2015,PROVINSI DKI JAKARTA,JAKARTA TIMUR,CIPAYUNG,CEGER,Belum Kawin,10196,,,,
2015,PROVINSI DKI JAKARTA,KAB.ADM.KEP.SERIBU,KEP. SERIBU UTR,P. PANGGANG,Kawin,2930,,,,
2015,PROVINSI DKI JAKARTA,KAB.ADM.KEP.SERIBU,KEP. SERIBU UTR,P. KELAPA,Kawin,3141,,,,
2015,PROVINSI DKI JAKARTA,KAB.ADM.KEP.SERIBU,KEP. SERIBU UTR,P. HARAPAN,Kawin,1118,,,,
2015,PROVINSI DKI JAKARTA,KAB.ADM.KEP.SERIBU,KEP. SERIBU SLT,P. UNTUNG JAWA,Kawin,1069,,,,
2015,PROVINSI DKI JAKARTA,KAB.ADM.KEP.SERIBU,KEP. SERIBU SLT,P. TIDUNG,Kawin,2446,,,,
2015,PROVINSI DKI JAKARTA,KAB.ADM.KEP.SERIBU,KEP. SERIBU SLT,P. PARI,Kawin,1483,,,,
2015,PROVINSI DKI JAKARTA,JAKARTA PUSAT,GAMBIR,GAMBIR,Kawin,1571,,,,
2015,PROVINSI DKI JAKARTA,JAKARTA PUSAT,GAMBIR,CIDENG,Kawin,9198,,,,
2015,PROVINSI DKI JAKARTA,JAKARTA PUSAT,GAMBIR,PETOJO UTARA,Kawin,10102,,,,
2015,PROVINSI DKI JAKARTA,JAKARTA PUSAT,GAMBIR,PETOJO SELATAN,Kawin,7877,,,,
2015,PROVINSI DKI JAKARTA,JAKARTA PUSAT,GAMBIR,KEBON KELAPA,Kawin,6072,,,,
2015,PROVINSI DKI JAKARTA,JAKARTA PUSAT,GAMBIR,DURI PULO,Kawin,11723,,,,
2015,PROVINSI DKI JAKARTA,JAKARTA PUSAT,SAWAH BESAR,PASAR BARU,Kawin,7246,,,,
2015,PROVINSI DKI JAKARTA,JAKARTA PUSAT,SAWAH BESAR,KARANG ANYAR,Kawin,15824,,,,
2015,PROVINSI DKI JAKARTA,JAKARTA PUSAT,SAWAH BESAR,KARTINI,Kawin,13294,,,,
2015,PROVINSI DKI JAKARTA,JAKARTA PUSAT,SAWAH BESAR,GUNUNG SAHARI UTARA,Kawin,9641,,,,
2015,PROVINSI DKI JAKARTA,JAKARTA PUSAT,SAWAH BESAR,MANGGA DUA SELATAN,Kawin,16951,,,,
2015,PROVINSI DKI JAKARTA,JAKARTA PUSAT,KEMAYORAN,KEMAYORAN,Kawin,11964,,,,
2015,PROVINSI DKI JAKARTA,JAKARTA PUSAT,KEMAYORAN,KEBON KOSONG,Kawin,16247,,,,
2015,PROVINSI DKI JAKARTA,JAKARTA PUSAT,KEMAYORAN,HARAPAN MULIA,Kawin,12970,,,,
2015,PROVINSI DKI JAKARTA,JAKARTA PUSAT,KEMAYORAN,SERDANG,Kawin,17068,,,,
2015,PROVINSI DKI JAKARTA,JAKARTA PUSAT,KEMAYORAN,GUNUNG SAHARI SELATAN,Kawin,10975,,,,
2015,PROVINSI DKI JAKARTA,JAKARTA PUSAT,KEMAYORAN,CEMPAKA BARU,Kawin,18833,,,,
2015,PROVINSI DKI JAKARTA,JAKARTA PUSAT,KEMAYORAN,SUMUR BATU,Kawin,12946,,,,
2015,PROVINSI DKI JAKARTA,JAKARTA PUSAT,KEMAYORAN,UTAN PANJANG,Kawin,17103,,,,
2015,PROVINSI DKI JAKARTA,JAKARTA PUSAT,SENEN,SENEN,Kawin,4015,,,,
2015,PROVINSI DKI JAKARTA,JAKARTA PUSAT,SENEN,KENARI,Kawin,4912,,,,
2015,PROVINSI DKI JAKARTA,JAKARTA PUSAT,SENEN,PASEBAN,Kawin,12654,,,,
2015,PROVINSI DKI JAKARTA,JAKARTA PUSAT,SENEN,KRAMAT,Kawin,15651,,,,
2015,PROVINSI DKI JAKARTA,JAKARTA PUSAT,SENEN,KWITANG,Kawin,8731,,,,
2015,PROVINSI DKI JAKARTA,JAKARTA PUSAT,SENEN,BUNGUR,Kawin,11136,,,,
2015,PROVINSI DKI JAKARTA,JAKARTA PUSAT,CEMPAKA PUTIH,CEMPAKA PUTIH TIMUR,Kawin,13718,,,,
2015,PROVINSI DKI JAKARTA,JAKARTA PUSAT,CEMPAKA PUTIH,CEMPAKA PUTIH BARAT,Kawin,19583,,,,
2015,PROVINSI DKI JAKARTA,JAKARTA PUSAT,CEMPAKA PUTIH,RAWASARI,Kawin,11964,,,,
2015,PROVINSI DKI JAKARTA,JAKARTA PUSAT,MENTENG,MENTENG,Kawin,14832,,,,
2015,PROVINSI DKI JAKARTA,JAKARTA PUSAT,MENTENG,PEGANGSAAN,Kawin,12905,,,,
2015,PROVINSI DKI JAKARTA,JAKARTA PUSAT,MENTENG,CIKINI,Kawin,4548,,,,
2015,PROVINSI DKI JAKARTA,JAKARTA PUSAT,MENTENG,GONDANGDIA,Kawin,2386,,,,
2015,PROVINSI DKI JAKARTA,JAKARTA PUSAT,MENTENG,KEBON SIRIH,Kawin,7157,,,,
2015,PROVINSI DKI JAKARTA,JAKARTA PUSAT,TANAH ABANG,GELORA,Kawin,1783,,,,
2015,PROVINSI DKI JAKARTA,JAKARTA PUSAT,TANAH ABANG,BENDUNGAN HILIR,Kawin,11718,,,,
2015,PROVINSI DKI JAKARTA,JAKARTA PUSAT,TANAH ABANG,KARET TENGSIN,Kawin,10700,,,,
2015,PROVINSI DKI JAKARTA,JAKARTA PUSAT,TANAH ABANG,PETAMBURAN,Kawin,18789,,,,
2015,PROVINSI DKI JAKARTA,JAKARTA PUSAT,TANAH ABANG,KEBON MELATI,Kawin,17312,,,,
2015,PROVINSI DKI JAKARTA,JAKARTA PUSAT,TANAH ABANG,KEBON KACANG,Kawin,12219,,,,
2015,PROVINSI DKI JAKARTA,JAKARTA PUSAT,TANAH ABANG,KAMPUNG BALI,Kawin,6636,,,,
2015,PROVINSI DKI JAKARTA,JAKARTA PUSAT,JOHAR BARU,JOHAR BARU,Kawin,20255,,,,
2015,PROVINSI DKI JAKARTA,JAKARTA PUSAT,JOHAR BARU,KAMPUNG RAWA,Kawin,12205,,,,
2015,PROVINSI DKI JAKARTA,JAKARTA PUSAT,JOHAR BARU,GALUR,Kawin,10427,,,,
2015,PROVINSI DKI JAKARTA,JAKARTA PUSAT,JOHAR BARU,TANAH TINGGI,Kawin,20686,,,,
2015,PROVINSI DKI JAKARTA,JAKARTA UTARA,PENJARINGAN,PENJARINGAN,Kawin,57677,,,,
2015,PROVINSI DKI JAKARTA,JAKARTA UTARA,PENJARINGAN,KAMAL MUARA,Kawin,6166,,,,
2015,PROVINSI DKI JAKARTA,JAKARTA UTARA,PENJARINGAN,KAPUK MUARA,Kawin,17492,,,,
2015,PROVINSI DKI JAKARTA,JAKARTA UTARA,PENJARINGAN,PEJAGALAN,Kawin,43638,,,,
2015,PROVINSI DKI JAKARTA,JAKARTA UTARA,PENJARINGAN,PLUIT,Kawin,24267,,,,
2015,PROVINSI DKI JAKARTA,JAKARTA UTARA,TANJUNG PRIOK,TANJUNG PRIOK,Kawin,20005,,,,
2015,PROVINSI DKI JAKARTA,JAKARTA UTARA,TANJUNG PRIOK,SUNTER JAYA,Kawin,34736,,,,
2015,PROVINSI DKI JAKARTA,JAKARTA UTARA,TANJUNG PRIOK,PAPANGGO,Kawin,21749,,,,
2015,PROVINSI DKI JAKARTA,JAKARTA UTARA,TANJUNG PRIOK,SUNGAI BAMBU,Kawin,16102,,,,
2015,PROVINSI DKI JAKARTA,JAKARTA UTARA,TANJUNG PRIOK,KEBON BAWANG,Kawin,27732,,,,
2015,PROVINSI DKI JAKARTA,JAKARTA UTARA,TANJUNG PRIOK,SUNTER AGUNG,Kawin,39222,,,,
2015,PROVINSI DKI JAKARTA,JAKARTA UTARA,TANJUNG PRIOK,WARAKAS,Kawin,24319,,,,
2015,PROVINSI DKI JAKARTA,JAKARTA UTARA,KOJA,KOJA,Kawin,15908,,,,
2015,PROVINSI DKI JAKARTA,JAKARTA UTARA,KOJA,TUGU UTARA,Kawin,37637,,,,
2015,PROVINSI DKI JAKARTA,JAKARTA UTARA,KOJA,LAGOA,Kawin,31770,,,,
2015,PROVINSI DKI JAKARTA,JAKARTA UTARA,KOJA,RAWA BADAK UTARA,Kawin,19273,,,,
2015,PROVINSI DKI JAKARTA,JAKARTA UTARA,KOJA,TUGU SELATAN,Kawin,21940,,,,
2015,PROVINSI DKI JAKARTA,JAKARTA UTARA,KOJA,RAWA BADAK SELATAN,Kawin,22512,,,,
2015,PROVINSI DKI JAKARTA,JAKARTA UTARA,CILINCING,CILINCING,Kawin,23790,,,,
2015,PROVINSI DKI JAKARTA,JAKARTA UTARA,CILINCING,SUKAPURA,Kawin,32273,,,,
2015,PROVINSI DKI JAKARTA,JAKARTA UTARA,CILINCING,MARUNDA,Kawin,13655,,,,
2015,PROVINSI DKI JAKARTA,JAKARTA UTARA,CILINCING,KALI BARU,Kawin,37779,,,,
2015,PROVINSI DKI JAKARTA,JAKARTA UTARA,CILINCING,SEMPER TIMUR,Kawin,19030,,,,
2015,PROVINSI DKI JAKARTA,JAKARTA UTARA,CILINCING,ROROTAN,Kawin,20395,,,,
2015,PROVINSI DKI JAKARTA,JAKARTA UTARA,CILINCING,SEMPER BARAT,Kawin,37159,,,,
2015,PROVINSI DKI JAKARTA,JAKARTA UTARA,PADEMANGAN,PADEMANGAN TIMUR,Kawin,20571,,,,
2015,PROVINSI DKI JAKARTA,JAKARTA UTARA,PADEMANGAN,PADEMANGAN BARAT,Kawin,43134,,,,
2015,PROVINSI DKI JAKARTA,JAKARTA UTARA,PADEMANGAN,ANCOL,Kawin,14943,,,,
2015,PROVINSI DKI JAKARTA,JAKARTA UTARA,KELAPA GADING,KELAPA GADING TIMUR,Kawin,18803,,,,
2015,PROVINSI DKI JAKARTA,JAKARTA UTARA,KELAPA GADING,PEGANGSAAN DUA,Kawin,26859,,,,
2015,PROVINSI DKI JAKARTA,JAKARTA UTARA,KELAPA GADING,KELAPA GADING BARAT,Kawin,19388,,,,
2015,PROVINSI DKI JAKARTA,JAKARTA BARAT,CENGKARENG,CENGKARENG BARAT,Kawin,35005,,,,
2015,PROVINSI DKI JAKARTA,JAKARTA BARAT,CENGKARENG,DURI KOSAMBI,Kawin,40909,,,,
2015,PROVINSI DKI JAKARTA,JAKARTA BARAT,CENGKARENG,RAWA BUAYA,Kawin,34489,,,,
2015,PROVINSI DKI JAKARTA,JAKARTA BARAT,CENGKARENG,KEDAUNG KALI ANGKE,Kawin,18502,,,,
2015,PROVINSI DKI JAKARTA,JAKARTA BARAT,CENGKARENG,KAPUK,Kawin,74250,,,,
2015,PROVINSI DKI JAKARTA,JAKARTA BARAT,CENGKARENG,CENGKARENG TIMUR,Kawin,42661,,,,
2015,PROVINSI DKI JAKARTA,JAKARTA BARAT,GROGOL PETAMBURAN,GROGOL,Kawin,9580,,,,
2015,PROVINSI DKI JAKARTA,JAKARTA BARAT,GROGOL PETAMBURAN,TANJUNG DUREN UTARA,Kawin,9410,,,,
2015,PROVINSI DKI JAKARTA,JAKARTA BARAT,GROGOL PETAMBURAN,TOMANG,Kawin,16829,,,,
2015,PROVINSI DKI JAKARTA,JAKARTA BARAT,GROGOL PETAMBURAN,JELAMBAR,Kawin,17148,,,,
2015,PROVINSI DKI JAKARTA,JAKARTA BARAT,GROGOL PETAMBURAN,TANJUNG DUREN SELATAN,Kawin,13396,,,,
2015,PROVINSI DKI JAKARTA,JAKARTA BARAT,GROGOL PETAMBURAN,JELAMBAR BARU,Kawin,21718,,,,
2015,PROVINSI DKI JAKARTA,JAKARTA BARAT,GROGOL PETAMBURAN,WIJAYA KUSUMA,Kawin,22298,,,,
2015,PROVINSI DKI JAKARTA,JAKARTA BARAT,TAMAN SARI,TAMAN SARI,Kawin,8206,,,,
2015,PROVINSI DKI JAKARTA,JAKARTA BARAT,TAMAN SARI,KRUKUT,Kawin,11084,,,,
2015,PROVINSI DKI JAKARTA,JAKARTA BARAT,TAMAN SARI,MAPHAR,Kawin,9033,,,,
2015,PROVINSI DKI JAKARTA,JAKARTA BARAT,TAMAN SARI,TANGKI,Kawin,7432,,,,
2015,PROVINSI DKI JAKARTA,JAKARTA BARAT,TAMAN SARI,MANGGA BESAR,Kawin,4385,,,,
2015,PROVINSI DKI JAKARTA,JAKARTA BARAT,TAMAN SARI,KEAGUNGAN,Kawin,10135,,,,
2015,PROVINSI DKI JAKARTA,JAKARTA BARAT,TAMAN SARI,GLODOK,Kawin,4133,,,,
2015,PROVINSI DKI JAKARTA,JAKARTA BARAT,TAMAN SARI,PINANGSIA,Kawin,6422,,,,
2015,PROVINSI DKI JAKARTA,JAKARTA BARAT,TAMBORA,TAMBORA,Kawin,6079,,,,
2015,PROVINSI DKI JAKARTA,JAKARTA BARAT,TAMBORA,KALI ANYAR,Kawin,13862,,,,
2015,PROVINSI DKI JAKARTA,JAKARTA BARAT,TAMBORA,DURI UTARA,Kawin,11339,,,,
2015,PROVINSI DKI JAKARTA,JAKARTA BARAT,TAMBORA,TANAH SEREAL,Kawin,14390,,,,
2015,PROVINSI DKI JAKARTA,JAKARTA BARAT,TAMBORA,KERENDANG,Kawin,11392,,,,
2015,PROVINSI DKI JAKARTA,JAKARTA BARAT,TAMBORA,JEMBATAN BESI,Kawin,17105,,,,
2015,PROVINSI DKI JAKARTA,JAKARTA BARAT,TAMBORA,ANGKE,Kawin,17432,,,,
2015,PROVINSI DKI JAKARTA,JAKARTA BARAT,TAMBORA,JEMBATAN LIMA,Kawin,11859,,,,
2015,PROVINSI DKI JAKARTA,JAKARTA BARAT,TAMBORA,PEKOJAN,Kawin,12721,,,,
2015,PROVINSI DKI JAKARTA,JAKARTA BARAT,TAMBORA,ROA MALAKA,Kawin,1962,,,,
2015,PROVINSI DKI JAKARTA,JAKARTA BARAT,TAMBORA,DURI SELATAN,Kawin,8232,,,,
2015,PROVINSI DKI JAKARTA,JAKARTA BARAT,KEBON JERUK,KEBON JERUK,Kawin,27991,,,,
2015,PROVINSI DKI JAKARTA,JAKARTA BARAT,KEBON JERUK,SUKABUMI UTARA,Kawin,20923,,,,
2015,PROVINSI DKI JAKARTA,JAKARTA BARAT,KEBON JERUK,SUKABUMI SELATAN,Kawin,20262,,,,
2015,PROVINSI DKI JAKARTA,JAKARTA BARAT,KEBON JERUK,KELAPA DUA,Kawin,12875,,,,
2015,PROVINSI DKI JAKARTA,JAKARTA BARAT,KEBON JERUK,DURI KEPA,Kawin,33110,,,,
2015,PROVINSI DKI JAKARTA,JAKARTA BARAT,KEBON JERUK,KEDOYA UTARA,Kawin,25255,,,,
2015,PROVINSI DKI JAKARTA,JAKARTA BARAT,KEBON JERUK,KEDOYA SELATAN,Kawin,17710,,,,
2015,PROVINSI DKI JAKARTA,JAKARTA BARAT,KALI DERES,KALIDERES,Kawin,38524,,,,
2015,PROVINSI DKI JAKARTA,JAKARTA BARAT,KALI DERES,SEMANAN,Kawin,38463,,,,
2015,PROVINSI DKI JAKARTA,JAKARTA BARAT,KALI DERES,TEGAL ALUR,Kawin,45537,,,,
2015,PROVINSI DKI JAKARTA,JAKARTA BARAT,KALI DERES,KAMAL,Kawin,30395,,,,
2015,PROVINSI DKI JAKARTA,JAKARTA BARAT,KALI DERES,PEGADUNGAN,Kawin,39075,,,,
2015,PROVINSI DKI JAKARTA,JAKARTA BARAT,PALMERAH,PALMERAH,Kawin,34768,,,,
2015,PROVINSI DKI JAKARTA,JAKARTA BARAT,PALMERAH,SLIPI,Kawin,9353,,,,
2015,PROVINSI DKI JAKARTA,JAKARTA BARAT,PALMERAH,KOTA BAMBU UTARA,Kawin,14567,,,,
2015,PROVINSI DKI JAKARTA,JAKARTA BARAT,PALMERAH,JATI PULO,Kawin,15777,,,,
2015,PROVINSI DKI JAKARTA,JAKARTA BARAT,PALMERAH,KEMANGGISAN,Kawin,18295,,,,
2015,PROVINSI DKI JAKARTA,JAKARTA BARAT,PALMERAH,KOTA BAMBU SELATAN,Kawin,12197,,,,
2015,PROVINSI DKI JAKARTA,JAKARTA BARAT,KEMBANGAN,KEMBANGAN UTARA,Kawin,29532,,,,
2015,PROVINSI DKI JAKARTA,JAKARTA BARAT,KEMBANGAN,MERUYA UTARA,Kawin,22887,,,,
2015,PROVINSI DKI JAKARTA,JAKARTA BARAT,KEMBANGAN,MERUYA SELATAN,Kawin,17938,,,,
2015,PROVINSI DKI JAKARTA,JAKARTA BARAT,KEMBANGAN,SRENGSENG,Kawin,22710,,,,
2015,PROVINSI DKI JAKARTA,JAKARTA BARAT,KEMBANGAN,JOGLO,Kawin,21886,,,,
2015,PROVINSI DKI JAKARTA,JAKARTA BARAT,KEMBANGAN,KEMBANGAN SELATAN,Kawin,14630,,,,
2015,PROVINSI DKI JAKARTA,JAKARTA SELATAN,TEBET,TEBET TIMUR,Kawin,9695,,,,
2015,PROVINSI DKI JAKARTA,JAKARTA SELATAN,TEBET,TEBET BARAT,Kawin,11229,,,,
2015,PROVINSI DKI JAKARTA,JAKARTA SELATAN,TEBET,MENTENG DALAM,Kawin,20241,,,,
2015,PROVINSI DKI JAKARTA,JAKARTA SELATAN,TEBET,KEBON BARU,Kawin,18752,,,,
2015,PROVINSI DKI JAKARTA,JAKARTA SELATAN,TEBET,BUKIT DURI,Kawin,19426,,,,
2015,PROVINSI DKI JAKARTA,JAKARTA SELATAN,TEBET,MANGGARAI SELATAN,Kawin,12924,,,,
2015,PROVINSI DKI JAKARTA,JAKARTA SELATAN,TEBET,MANGGARAI,Kawin,16167,,,,
2015,PROVINSI DKI JAKARTA,JAKARTA SELATAN,SETIA BUDI,SETIA BUDI,Kawin,1577,,,,
2015,PROVINSI DKI JAKARTA,JAKARTA SELATAN,SETIA BUDI,KARET SEMANGGI,Kawin,1382,,,,
2015,PROVINSI DKI JAKARTA,JAKARTA SELATAN,SETIA BUDI,KARET KUNINGAN,Kawin,8419,,,,
2015,PROVINSI DKI JAKARTA,JAKARTA SELATAN,SETIA BUDI,KARET,Kawin,5496,,,,
2015,PROVINSI DKI JAKARTA,JAKARTA SELATAN,SETIA BUDI,MENTENG ATAS,Kawin,15109,,,,
2015,PROVINSI DKI JAKARTA,JAKARTA SELATAN,SETIA BUDI,PASAR MANGGIS,Kawin,14877,,,,
2015,PROVINSI DKI JAKARTA,JAKARTA SELATAN,SETIA BUDI,GUNTUR,Kawin,2091,,,,
2015,PROVINSI DKI JAKARTA,JAKARTA SELATAN,SETIA BUDI,KUNINGAN TIMUR,Kawin,3251,,,,
2015,PROVINSI DKI JAKARTA,JAKARTA SELATAN,MAMPANG PRAPATAN,MAMPANG PRAPATAN,Kawin,9952,,,,
2015,PROVINSI DKI JAKARTA,JAKARTA SELATAN,MAMPANG PRAPATAN,BANGKA,Kawin,11951,,,,
2015,PROVINSI DKI JAKARTA,JAKARTA SELATAN,MAMPANG PRAPATAN,PELA MAMPANG,Kawin,23999,,,,
2015,PROVINSI DKI JAKARTA,JAKARTA SELATAN,MAMPANG PRAPATAN,TEGAL PARANG,Kawin,17403,,,,
2015,PROVINSI DKI JAKARTA,JAKARTA SELATAN,MAMPANG PRAPATAN,KUNINGAN BARAT,Kawin,7192,,,,
2015,PROVINSI DKI JAKARTA,JAKARTA SELATAN,PASAR MINGGU,PASAR MINGGU,Kawin,13526,,,,
2015,PROVINSI DKI JAKARTA,JAKARTA SELATAN,PASAR MINGGU,JATI PADANG,Kawin,20111,,,,
2015,PROVINSI DKI JAKARTA,JAKARTA SELATAN,PASAR MINGGU,CILANDAK TIMUR,Kawin,13538,,,,
2015,PROVINSI DKI JAKARTA,JAKARTA SELATAN,PASAR MINGGU,RAGUNAN,Kawin,21322,,,,
2015,PROVINSI DKI JAKARTA,JAKARTA SELATAN,PASAR MINGGU,PEJATEN TIMUR,Kawin,30998,,,,
2015,PROVINSI DKI JAKARTA,JAKARTA SELATAN,PASAR MINGGU,PEJATEN BARAT,Kawin,19554,,,,
2015,PROVINSI DKI JAKARTA,JAKARTA SELATAN,PASAR MINGGU,KEBAGUSAN,Kawin,23805,,,,
2015,PROVINSI DKI JAKARTA,JAKARTA SELATAN,KEBAYORAN LAMA,KEBAYORAN LAMA UTARA,Kawin,22936,,,,
2015,PROVINSI DKI JAKARTA,JAKARTA SELATAN,KEBAYORAN LAMA,PONDOK PINANG,Kawin,29642,,,,
2015,PROVINSI DKI JAKARTA,JAKARTA SELATAN,KEBAYORAN LAMA,CIPULIR,Kawin,21591,,,,
2015,PROVINSI DKI JAKARTA,JAKARTA SELATAN,KEBAYORAN LAMA,GROGOL UTARA,Kawin,23977,,,,
2015,PROVINSI DKI JAKARTA,JAKARTA SELATAN,KEBAYORAN LAMA,GROGOL SELATAN,Kawin,24035,,,,
2015,PROVINSI DKI JAKARTA,JAKARTA SELATAN,KEBAYORAN LAMA,KEBAYORAN LAMA SELATAN,Kawin,22151,,,,
2015,PROVINSI DKI JAKARTA,JAKARTA SELATAN,CILANDAK,CILANDAK BARAT,Kawin,27723,,,,
2015,PROVINSI DKI JAKARTA,JAKARTA SELATAN,CILANDAK,LEBAK BULUS,Kawin,19305,,,,
2015,PROVINSI DKI JAKARTA,JAKARTA SELATAN,CILANDAK,PONDOK LABU,Kawin,23972,,,,
2015,PROVINSI DKI JAKARTA,JAKARTA SELATAN,CILANDAK,GANDARIA SELATAN,Kawin,11754,,,,
2015,PROVINSI DKI JAKARTA,JAKARTA SELATAN,CILANDAK,CIPETE SELATAN,Kawin,14145,,,,
2015,PROVINSI DKI JAKARTA,JAKARTA SELATAN,KEBAYORAN BARU,MELAWAI,Kawin,1541,,,,
2015,PROVINSI DKI JAKARTA,JAKARTA SELATAN,KEBAYORAN BARU,GUNUNG,Kawin,5083,,,,
2015,PROVINSI DKI JAKARTA,JAKARTA SELATAN,KEBAYORAN BARU,KRAMAT PELA,Kawin,7725,,,,
2015,PROVINSI DKI JAKARTA,JAKARTA SELATAN,KEBAYORAN BARU,SELONG,Kawin,1862,,,,
2015,PROVINSI DKI JAKARTA,JAKARTA SELATAN,KEBAYORAN BARU,RAWA BARAT,Kawin,3139,,,,
2015,PROVINSI DKI JAKARTA,JAKARTA SELATAN,KEBAYORAN BARU,SENAYAN,Kawin,1842,,,,
2015,PROVINSI DKI JAKARTA,JAKARTA SELATAN,KEBAYORAN BARU,PULO,Kawin,3149,,,,
2015,PROVINSI DKI JAKARTA,JAKARTA SELATAN,KEBAYORAN BARU,PETOGOGAN,Kawin,6482,,,,
2015,PROVINSI DKI JAKARTA,JAKARTA SELATAN,KEBAYORAN BARU,GANDARIA UTARA,Kawin,21958,,,,
2015,PROVINSI DKI JAKARTA,JAKARTA SELATAN,KEBAYORAN BARU,CIPETE UTARA,Kawin,18435,,,,
2015,PROVINSI DKI JAKARTA,JAKARTA SELATAN,PANCORAN,PANCORAN,Kawin,10145,,,,
2015,PROVINSI DKI JAKARTA,JAKARTA SELATAN,PANCORAN,KALIBATA,Kawin,22388,,,,
2015,PROVINSI DKI JAKARTA,JAKARTA SELATAN,PANCORAN,RAWA JATI,Kawin,10123,,,,
2015,PROVINSI DKI JAKARTA,JAKARTA SELATAN,PANCORAN,DUREN TIGA,Kawin,15057,,,,
2015,PROVINSI DKI JAKARTA,JAKARTA SELATAN,PANCORAN,PENGADEGAN,Kawin,11288,,,,
2015,PROVINSI DKI JAKARTA,JAKARTA SELATAN,PANCORAN,CIKOKO,Kawin,6200,,,,
2015,PROVINSI DKI JAKARTA,JAKARTA SELATAN,JAGAKARSA,JAGAKARSA,Kawin,31730,,,,
2015,PROVINSI DKI JAKARTA,JAKARTA SELATAN,JAGAKARSA,SRENGSENG SAWAH,Kawin,29932,,,,
2015,PROVINSI DKI JAKARTA,JAKARTA SELATAN,JAGAKARSA,CIGANJUR,Kawin,19416,,,,
2015,PROVINSI DKI JAKARTA,JAKARTA SELATAN,JAGAKARSA,LENTENG AGUNG,Kawin,27534,,,,
2015,PROVINSI DKI JAKARTA,JAKARTA SELATAN,JAGAKARSA,TANJUNG BARAT,Kawin,20473,,,,
2015,PROVINSI DKI JAKARTA,JAKARTA SELATAN,JAGAKARSA,CIPEDAK,Kawin,18683,,,,
2015,PROVINSI DKI JAKARTA,JAKARTA SELATAN,PESANGGRAHAN,PESANGGRAHAN,Kawin,14642,,,,
2015,PROVINSI DKI JAKARTA,JAKARTA SELATAN,PESANGGRAHAN,BINTARO,Kawin,27738,,,,
2015,PROVINSI DKI JAKARTA,JAKARTA SELATAN,PESANGGRAHAN,PETUKANGAN UTARA,Kawin,28164,,,,
2015,PROVINSI DKI JAKARTA,JAKARTA SELATAN,PESANGGRAHAN,PETUKANGAN SELATAN,Kawin,18799,,,,
2015,PROVINSI DKI JAKARTA,JAKARTA SELATAN,PESANGGRAHAN,ULUJAMI,Kawin,21781,,,,
2015,PROVINSI DKI JAKARTA,JAKARTA TIMUR,MATRAMAN,PISANGAN BARU,Kawin,16839,,,,
2015,PROVINSI DKI JAKARTA,JAKARTA TIMUR,MATRAMAN,UTAN KAYU UTARA,Kawin,16182,,,,
2015,PROVINSI DKI JAKARTA,JAKARTA TIMUR,MATRAMAN,KAYU MANIS,Kawin,13971,,,,
2015,PROVINSI DKI JAKARTA,JAKARTA TIMUR,MATRAMAN,PAL MERIAM,Kawin,11040,,,,
2015,PROVINSI DKI JAKARTA,JAKARTA TIMUR,MATRAMAN,KEBON MANGGIS,Kawin,9165,,,,
2015,PROVINSI DKI JAKARTA,JAKARTA TIMUR,MATRAMAN,UTAN KAYU SELATAN,Kawin,19374,,,,
2015,PROVINSI DKI JAKARTA,JAKARTA TIMUR,PULO GADUNG,PULO GADUNG,Kawin,18870,,,,
2015,PROVINSI DKI JAKARTA,JAKARTA TIMUR,PULO GADUNG,PISANGAN TIMUR,Kawin,23413,,,,
2015,PROVINSI DKI JAKARTA,JAKARTA TIMUR,PULO GADUNG,CIPINANG,Kawin,23505,,,,
2015,PROVINSI DKI JAKARTA,JAKARTA TIMUR,PULO GADUNG,JATINEGARA KAUM,Kawin,13662,,,,
2015,PROVINSI DKI JAKARTA,JAKARTA TIMUR,PULO GADUNG,RAWAMANGUN,Kawin,20962,,,,
2015,PROVINSI DKI JAKARTA,JAKARTA TIMUR,PULO GADUNG,KAYU PUTIH,Kawin,22701,,,,
2015,PROVINSI DKI JAKARTA,JAKARTA TIMUR,PULO GADUNG,JATI,Kawin,18461,,,,
2015,PROVINSI DKI JAKARTA,JAKARTA TIMUR,JATINEGARA,KAMPUNG MELAYU,Kawin,14253,,,,
2015,PROVINSI DKI JAKARTA,JAKARTA TIMUR,JATINEGARA,BIDARA CINA,Kawin,20125,,,,
2015,PROVINSI DKI JAKARTA,JAKARTA TIMUR,JATINEGARA,BALI MESTER,Kawin,5305,,,,
2015,PROVINSI DKI JAKARTA,JAKARTA TIMUR,JATINEGARA,RAWA BUNGA,Kawin,11864,,,,
2015,PROVINSI DKI JAKARTA,JAKARTA TIMUR,JATINEGARA,CIPINANG CEMPEDAK,Kawin,17795,,,,
2015,PROVINSI DKI JAKARTA,JAKARTA TIMUR,JATINEGARA,CIPINANG MUARA,Kawin,31375,,,,
2015,PROVINSI DKI JAKARTA,JAKARTA TIMUR,JATINEGARA,CIPINANG BESAR SELATAN,Kawin,18873,,,,
2015,PROVINSI DKI JAKARTA,JAKARTA TIMUR,JATINEGARA,CIPINANG BESAR UTARA,Kawin,26834,,,,
2015,PROVINSI DKI JAKARTA,JAKARTA TIMUR,KRAMAT JATI,KRAMAT JATI,Kawin,19148,,,,
2015,PROVINSI DKI JAKARTA,JAKARTA TIMUR,KRAMAT JATI,KAMPUNG TENGAH,Kawin,23929,,,,
2015,PROVINSI DKI JAKARTA,JAKARTA TIMUR,KRAMAT JATI,DUKUH,Kawin,13220,,,,
2015,PROVINSI DKI JAKARTA,JAKARTA TIMUR,KRAMAT JATI,BATU AMPAR,Kawin,25380,,,,
2015,PROVINSI DKI JAKARTA,JAKARTA TIMUR,KRAMAT JATI,BALE KAMBANG,Kawin,14834,,,,
2015,PROVINSI DKI JAKARTA,JAKARTA TIMUR,KRAMAT JATI,CILILITAN,Kawin,21972,,,,
2015,PROVINSI DKI JAKARTA,JAKARTA TIMUR,KRAMAT JATI,CAWANG,Kawin,18388,,,,
2015,PROVINSI DKI JAKARTA,JAKARTA TIMUR,PASAR REBO,GEDONG,Kawin,19272,,,,
2015,PROVINSI DKI JAKARTA,JAKARTA TIMUR,PASAR REBO,BARU,Kawin,12917,,,,
2015,PROVINSI DKI JAKARTA,JAKARTA TIMUR,PASAR REBO,CIJANTUNG,Kawin,22172,,,,
2015,PROVINSI DKI JAKARTA,JAKARTA TIMUR,PASAR REBO,KALISARI,Kawin,21890,,,,
2015,PROVINSI DKI JAKARTA,JAKARTA TIMUR,PASAR REBO,PEKAYON,Kawin,23161,,,,
2015,PROVINSI DKI JAKARTA,JAKARTA TIMUR,CAKUNG,JATINEGARA,Kawin,50292,,,,
2015,PROVINSI DKI JAKARTA,JAKARTA TIMUR,CAKUNG,RAWA TERATE,Kawin,15378,,,,
2015,PROVINSI DKI JAKARTA,JAKARTA TIMUR,CAKUNG,PENGGILINGAN,Kawin,51182,,,,
2015,PROVINSI DKI JAKARTA,JAKARTA TIMUR,CAKUNG,CAKUNG TIMUR,Kawin,32254,,,,
2015,PROVINSI DKI JAKARTA,JAKARTA TIMUR,CAKUNG,PULO GEBANG,Kawin,49514,,,,
2015,PROVINSI DKI JAKARTA,JAKARTA TIMUR,CAKUNG,UJUNG MENTENG,Kawin,15932,,,,
2015,PROVINSI DKI JAKARTA,JAKARTA TIMUR,CAKUNG,CAKUNG BARAT,Kawin,32841,,,,
2015,PROVINSI DKI JAKARTA,JAKARTA TIMUR,DUREN SAWIT,DUREN SAWIT,Kawin,32432,,,,
2015,PROVINSI DKI JAKARTA,JAKARTA TIMUR,DUREN SAWIT,PONDOK BAMBU,Kawin,34211,,,,
2015,PROVINSI DKI JAKARTA,JAKARTA TIMUR,DUREN SAWIT,KLENDER,Kawin,39299,,,,
2015,PROVINSI DKI JAKARTA,JAKARTA TIMUR,DUREN SAWIT,PONDOK KELAPA,Kawin,37933,,,,
2015,PROVINSI DKI JAKARTA,JAKARTA TIMUR,DUREN SAWIT,MALAKA SARI,Kawin,15806,,,,
2015,PROVINSI DKI JAKARTA,JAKARTA TIMUR,DUREN SAWIT,MALAKA JAYA,Kawin,17136,,,,
2015,PROVINSI DKI JAKARTA,JAKARTA TIMUR,DUREN SAWIT,PONDOK KOPI,Kawin,18878,,,,
2015,PROVINSI DKI JAKARTA,JAKARTA TIMUR,MAKASAR,MAKASAR,Kawin,19766,,,,
2015,PROVINSI DKI JAKARTA,JAKARTA TIMUR,MAKASAR,PINANG RANTI,Kawin,13959,,,,
2015,PROVINSI DKI JAKARTA,JAKARTA TIMUR,MAKASAR,KEBON PALA,Kawin,25447,,,,
2015,PROVINSI DKI JAKARTA,JAKARTA TIMUR,MAKASAR,HALIM PERDANA KUSUMAH,Kawin,16344,,,,
2015,PROVINSI DKI JAKARTA,JAKARTA TIMUR,MAKASAR,CIPINANG MELAYU,Kawin,23142,,,,
2015,PROVINSI DKI JAKARTA,JAKARTA TIMUR,CIRACAS,CIRACAS,Kawin,34795,,,,
2015,PROVINSI DKI JAKARTA,JAKARTA TIMUR,CIRACAS,CIBUBUR,Kawin,35381,,,,
2015,PROVINSI DKI JAKARTA,JAKARTA TIMUR,CIRACAS,KELAPA DUA WETAN,Kawin,23861,,,,
2015,PROVINSI DKI JAKARTA,JAKARTA TIMUR,CIRACAS,SUSUKAN,Kawin,21264,,,,
2015,PROVINSI DKI JAKARTA,JAKARTA TIMUR,CIRACAS,RAMBUTAN,Kawin,19775,,,,
2015,PROVINSI DKI JAKARTA,JAKARTA TIMUR,CIPAYUNG,CIPAYUNG,Kawin,12596,,,,
2015,PROVINSI DKI JAKARTA,JAKARTA TIMUR,CIPAYUNG,CILANGKAP,Kawin,13420,,,,
2015,PROVINSI DKI JAKARTA,JAKARTA TIMUR,CIPAYUNG,PONDOK RANGGON,Kawin,12712,,,,
2015,PROVINSI DKI JAKARTA,JAKARTA TIMUR,CIPAYUNG,MUNJUL,Kawin,12239,,,,
2015,PROVINSI DKI JAKARTA,JAKARTA TIMUR,CIPAYUNG,SETU,Kawin,10309,,,,
2015,PROVINSI DKI JAKARTA,JAKARTA TIMUR,CIPAYUNG,BAMBU APUS,Kawin,13682,,,,
2015,PROVINSI DKI JAKARTA,JAKARTA TIMUR,CIPAYUNG,LUBANG BUAYA,Kawin,33394,,,,
2015,PROVINSI DKI JAKARTA,JAKARTA TIMUR,CIPAYUNG,CEGER,Kawin,9887,,,,
2015,PROVINSI DKI JAKARTA,KAB.ADM.KEP.SERIBU,KEP. SERIBU UTR,P. PANGGANG,Cerai Hidup,72,,,,
2015,PROVINSI DKI JAKARTA,KAB.ADM.KEP.SERIBU,KEP. SERIBU UTR,P. KELAPA,Cerai Hidup,57,,,,
2015,PROVINSI DKI JAKARTA,KAB.ADM.KEP.SERIBU,KEP. SERIBU UTR,P. HARAPAN,Cerai Hidup,25,,,,
2015,PROVINSI DKI JAKARTA,KAB.ADM.KEP.SERIBU,KEP. SERIBU SLT,P. UNTUNG JAWA,Cerai Hidup,17,,,,
2015,PROVINSI DKI JAKARTA,KAB.ADM.KEP.SERIBU,KEP. SERIBU SLT,P. TIDUNG,Cerai Hidup,33,,,,
2015,PROVINSI DKI JAKARTA,KAB.ADM.KEP.SERIBU,KEP. SERIBU SLT,P. PARI,Cerai Hidup,35,,,,
2015,PROVINSI DKI JAKARTA,JAKARTA PUSAT,GAMBIR,GAMBIR,Cerai Hidup,28,,,,
2015,PROVINSI DKI JAKARTA,JAKARTA PUSAT,GAMBIR,CIDENG,Cerai Hidup,210,,,,
2015,PROVINSI DKI JAKARTA,JAKARTA PUSAT,GAMBIR,PETOJO UTARA,Cerai Hidup,182,,,,
2015,PROVINSI DKI JAKARTA,JAKARTA PUSAT,GAMBIR,PETOJO SELATAN,Cerai Hidup,199,,,,
2015,PROVINSI DKI JAKARTA,JAKARTA PUSAT,GAMBIR,KEBON KELAPA,Cerai Hidup,185,,,,
2015,PROVINSI DKI JAKARTA,JAKARTA PUSAT,GAMBIR,DURI PULO,Cerai Hidup,154,,,,
2015,PROVINSI DKI JAKARTA,JAKARTA PUSAT,SAWAH BESAR,PASAR BARU,Cerai Hidup,150,,,,
2015,PROVINSI DKI JAKARTA,JAKARTA PUSAT,SAWAH BESAR,KARANG ANYAR,Cerai Hidup,272,,,,
2015,PROVINSI DKI JAKARTA,JAKARTA PUSAT,SAWAH BESAR,KARTINI,Cerai Hidup,264,,,,
2015,PROVINSI DKI JAKARTA,JAKARTA PUSAT,SAWAH BESAR,GUNUNG SAHARI UTARA,Cerai Hidup,221,,,,
2015,PROVINSI DKI JAKARTA,JAKARTA PUSAT,SAWAH BESAR,MANGGA DUA SELATAN,Cerai Hidup,295,,,,
2015,PROVINSI DKI JAKARTA,JAKARTA PUSAT,KEMAYORAN,KEMAYORAN,Cerai Hidup,225,,,,
2015,PROVINSI DKI JAKARTA,JAKARTA PUSAT,KEMAYORAN,KEBON KOSONG,Cerai Hidup,327,,,,
2015,PROVINSI DKI JAKARTA,JAKARTA PUSAT,KEMAYORAN,HARAPAN MULIA,Cerai Hidup,331,,,,
2015,PROVINSI DKI JAKARTA,JAKARTA PUSAT,KEMAYORAN,SERDANG,Cerai Hidup,349,,,,
2015,PROVINSI DKI JAKARTA,JAKARTA PUSAT,KEMAYORAN,GUNUNG SAHARI SELATAN,Cerai Hidup,282,,,,
2015,PROVINSI DKI JAKARTA,JAKARTA PUSAT,KEMAYORAN,CEMPAKA BARU,Cerai Hidup,359,,,,
2015,PROVINSI DKI JAKARTA,JAKARTA PUSAT,KEMAYORAN,SUMUR BATU,Cerai Hidup,303,,,,
2015,PROVINSI DKI JAKARTA,JAKARTA PUSAT,KEMAYORAN,UTAN PANJANG,Cerai Hidup,245,,,,
2015,PROVINSI DKI JAKARTA,JAKARTA PUSAT,SENEN,SENEN,Cerai Hidup,81,,,,
2015,PROVINSI DKI JAKARTA,JAKARTA PUSAT,SENEN,KENARI,Cerai Hidup,127,,,,
2015,PROVINSI DKI JAKARTA,JAKARTA PUSAT,SENEN,PASEBAN,Cerai Hidup,385,,,,
2015,PROVINSI DKI JAKARTA,JAKARTA PUSAT,SENEN,KRAMAT,Cerai Hidup,255,,,,
2015,PROVINSI DKI JAKARTA,JAKARTA PUSAT,SENEN,KWITANG,Cerai Hidup,209,,,,
2015,PROVINSI DKI JAKARTA,JAKARTA PUSAT,SENEN,BUNGUR,Cerai Hidup,128,,,,
2015,PROVINSI DKI JAKARTA,JAKARTA PUSAT,CEMPAKA PUTIH,CEMPAKA PUTIH TIMUR,Cerai Hidup,354,,,,
2015,PROVINSI DKI JAKARTA,JAKARTA PUSAT,CEMPAKA PUTIH,CEMPAKA PUTIH BARAT,Cerai Hidup,423,,,,
2015,PROVINSI DKI JAKARTA,JAKARTA PUSAT,CEMPAKA PUTIH,RAWASARI,Cerai Hidup,332,,,,
2015,PROVINSI DKI JAKARTA,JAKARTA PUSAT,MENTENG,MENTENG,Cerai Hidup,269,,,,
2015,PROVINSI DKI JAKARTA,JAKARTA PUSAT,MENTENG,PEGANGSAAN,Cerai Hidup,294,,,,
2015,PROVINSI DKI JAKARTA,JAKARTA PUSAT,MENTENG,CIKINI,Cerai Hidup,105,,,,
2015,PROVINSI DKI JAKARTA,JAKARTA PUSAT,MENTENG,GONDANGDIA,Cerai Hidup,91,,,,
2015,PROVINSI DKI JAKARTA,JAKARTA PUSAT,MENTENG,KEBON SIRIH,Cerai Hidup,183,,,,
2015,PROVINSI DKI JAKARTA,JAKARTA PUSAT,TANAH ABANG,GELORA,Cerai Hidup,31,,,,
2015,PROVINSI DKI JAKARTA,JAKARTA PUSAT,TANAH ABANG,BENDUNGAN HILIR,Cerai Hidup,390,,,,
2015,PROVINSI DKI JAKARTA,JAKARTA PUSAT,TANAH ABANG,KARET TENGSIN,Cerai Hidup,246,,,,
2015,PROVINSI DKI JAKARTA,JAKARTA PUSAT,TANAH ABANG,PETAMBURAN,Cerai Hidup,280,,,,
2015,PROVINSI DKI JAKARTA,JAKARTA PUSAT,TANAH ABANG,KEBON MELATI,Cerai Hidup,390,,,,
2015,PROVINSI DKI JAKARTA,JAKARTA PUSAT,TANAH ABANG,KEBON KACANG,Cerai Hidup,268,,,,
2015,PROVINSI DKI JAKARTA,JAKARTA PUSAT,TANAH ABANG,KAMPUNG BALI,Cerai Hidup,156,,,,
2015,PROVINSI DKI JAKARTA,JAKARTA PUSAT,JOHAR BARU,JOHAR BARU,Cerai Hidup,523,,,,
2015,PROVINSI DKI JAKARTA,JAKARTA PUSAT,JOHAR BARU,KAMPUNG RAWA,Cerai Hidup,255,,,,
2015,PROVINSI DKI JAKARTA,JAKARTA PUSAT,JOHAR BARU,GALUR,Cerai Hidup,200,,,,
2015,PROVINSI DKI JAKARTA,JAKARTA PUSAT,JOHAR BARU,TANAH TINGGI,Cerai Hidup,442,,,,
2015,PROVINSI DKI JAKARTA,JAKARTA UTARA,PENJARINGAN,PENJARINGAN,Cerai Hidup,705,,,,
2015,PROVINSI DKI JAKARTA,JAKARTA UTARA,PENJARINGAN,KAMAL MUARA,Cerai Hidup,152,,,,
2015,PROVINSI DKI JAKARTA,JAKARTA UTARA,PENJARINGAN,KAPUK MUARA,Cerai Hidup,235,,,,
2015,PROVINSI DKI JAKARTA,JAKARTA UTARA,PENJARINGAN,PEJAGALAN,Cerai Hidup,334,,,,
2015,PROVINSI DKI JAKARTA,JAKARTA UTARA,PENJARINGAN,PLUIT,Cerai Hidup,380,,,,
2015,PROVINSI DKI JAKARTA,JAKARTA UTARA,TANJUNG PRIOK,TANJUNG PRIOK,Cerai Hidup,379,,,,
2015,PROVINSI DKI JAKARTA,JAKARTA UTARA,TANJUNG PRIOK,SUNTER JAYA,Cerai Hidup,424,,,,
2015,PROVINSI DKI JAKARTA,JAKARTA UTARA,TANJUNG PRIOK,PAPANGGO,Cerai Hidup,285,,,,
2015,PROVINSI DKI JAKARTA,JAKARTA UTARA,TANJUNG PRIOK,SUNGAI BAMBU,Cerai Hidup,325,,,,
2015,PROVINSI DKI JAKARTA,JAKARTA UTARA,TANJUNG PRIOK,KEBON BAWANG,Cerai Hidup,641,,,,
2015,PROVINSI DKI JAKARTA,JAKARTA UTARA,TANJUNG PRIOK,SUNTER AGUNG,Cerai Hidup,682,,,,
2015,PROVINSI DKI JAKARTA,JAKARTA UTARA,TANJUNG PRIOK,WARAKAS,Cerai Hidup,425,,,,
2015,PROVINSI DKI JAKARTA,JAKARTA UTARA,KOJA,KOJA,Cerai Hidup,359,,,,
2015,PROVINSI DKI JAKARTA,JAKARTA UTARA,KOJA,TUGU UTARA,Cerai Hidup,560,,,,
2015,PROVINSI DKI JAKARTA,JAKARTA UTARA,KOJA,LAGOA,Cerai Hidup,581,,,,
2015,PROVINSI DKI JAKARTA,JAKARTA UTARA,KOJA,RAWA BADAK UTARA,Cerai Hidup,362,,,,
2015,PROVINSI DKI JAKARTA,JAKARTA UTARA,KOJA,TUGU SELATAN,Cerai Hidup,297,,,,
2015,PROVINSI DKI JAKARTA,JAKARTA UTARA,KOJA,RAWA BADAK SELATAN,Cerai Hidup,289,,,,
2015,PROVINSI DKI JAKARTA,JAKARTA UTARA,CILINCING,CILINCING,Cerai Hidup,361,,,,
2015,PROVINSI DKI JAKARTA,JAKARTA UTARA,CILINCING,SUKAPURA,Cerai Hidup,360,,,,
2015,PROVINSI DKI JAKARTA,JAKARTA UTARA,CILINCING,MARUNDA,Cerai Hidup,234,,,,
2015,PROVINSI DKI JAKARTA,JAKARTA UTARA,CILINCING,KALI BARU,Cerai Hidup,998,,,,
2015,PROVINSI DKI JAKARTA,JAKARTA UTARA,CILINCING,SEMPER TIMUR,Cerai Hidup,325,,,,
2015,PROVINSI DKI JAKARTA,JAKARTA UTARA,CILINCING,ROROTAN,Cerai Hidup,206,,,,
2015,PROVINSI DKI JAKARTA,JAKARTA UTARA,CILINCING,SEMPER BARAT,Cerai Hidup,445,,,,
2015,PROVINSI DKI JAKARTA,JAKARTA UTARA,PADEMANGAN,PADEMANGAN TIMUR,Cerai Hidup,285,,,,
2015,PROVINSI DKI JAKARTA,JAKARTA UTARA,PADEMANGAN,PADEMANGAN BARAT,Cerai Hidup,539,,,,
2015,PROVINSI DKI JAKARTA,JAKARTA UTARA,PADEMANGAN,ANCOL,Cerai Hidup,227,,,,
2015,PROVINSI DKI JAKARTA,JAKARTA UTARA,KELAPA GADING,KELAPA GADING TIMUR,Cerai Hidup,350,,,,
2015,PROVINSI DKI JAKARTA,JAKARTA UTARA,KELAPA GADING,PEGANGSAAN DUA,Cerai Hidup,351,,,,
2015,PROVINSI DKI JAKARTA,JAKARTA UTARA,KELAPA GADING,KELAPA GADING BARAT,Cerai Hidup,415,,,,
2015,PROVINSI DKI JAKARTA,JAKARTA BARAT,CENGKARENG,CENGKARENG BARAT,Cerai Hidup,362,,,,
2015,PROVINSI DKI JAKARTA,JAKARTA BARAT,CENGKARENG,DURI KOSAMBI,Cerai Hidup,291,,,,
2015,PROVINSI DKI JAKARTA,JAKARTA BARAT,CENGKARENG,RAWA BUAYA,Cerai Hidup,180,,,,
2015,PROVINSI DKI JAKARTA,JAKARTA BARAT,CENGKARENG,KEDAUNG KALI ANGKE,Cerai Hidup,109,,,,
2015,PROVINSI DKI JAKARTA,JAKARTA BARAT,CENGKARENG,KAPUK,Cerai Hidup,591,,,,
2015,PROVINSI DKI JAKARTA,JAKARTA BARAT,CENGKARENG,CENGKARENG TIMUR,Cerai Hidup,496,,,,
2015,PROVINSI DKI JAKARTA,JAKARTA BARAT,GROGOL PETAMBURAN,GROGOL,Cerai Hidup,205,,,,
2015,PROVINSI DKI JAKARTA,JAKARTA BARAT,GROGOL PETAMBURAN,TANJUNG DUREN UTARA,Cerai Hidup,187,,,,
2015,PROVINSI DKI JAKARTA,JAKARTA BARAT,GROGOL PETAMBURAN,TOMANG,Cerai Hidup,246,,,,
2015,PROVINSI DKI JAKARTA,JAKARTA BARAT,GROGOL PETAMBURAN,JELAMBAR,Cerai Hidup,241,,,,
2015,PROVINSI DKI JAKARTA,JAKARTA BARAT,GROGOL PETAMBURAN,TANJUNG DUREN SELATAN,Cerai Hidup,276,,,,
2015,PROVINSI DKI JAKARTA,JAKARTA BARAT,GROGOL PETAMBURAN,JELAMBAR BARU,Cerai Hidup,268,,,,
2015,PROVINSI DKI JAKARTA,JAKARTA BARAT,GROGOL PETAMBURAN,WIJAYA KUSUMA,Cerai Hidup,245,,,,
2015,PROVINSI DKI JAKARTA,JAKARTA BARAT,TAMAN SARI,TAMAN SARI,Cerai Hidup,215,,,,
2015,PROVINSI DKI JAKARTA,JAKARTA BARAT,TAMAN SARI,KRUKUT,Cerai Hidup,107,,,,
2015,PROVINSI DKI JAKARTA,JAKARTA BARAT,TAMAN SARI,MAPHAR,Cerai Hidup,220,,,,
2015,PROVINSI DKI JAKARTA,JAKARTA BARAT,TAMAN SARI,TANGKI,Cerai Hidup,156,,,,
2015,PROVINSI DKI JAKARTA,JAKARTA BARAT,TAMAN SARI,MANGGA BESAR,Cerai Hidup,65,,,,
2015,PROVINSI DKI JAKARTA,JAKARTA BARAT,TAMAN SARI,KEAGUNGAN,Cerai Hidup,161,,,,
2015,PROVINSI DKI JAKARTA,JAKARTA BARAT,TAMAN SARI,GLODOK,Cerai Hidup,90,,,,
2015,PROVINSI DKI JAKARTA,JAKARTA BARAT,TAMAN SARI,PINANGSIA,Cerai Hidup,92,,,,
2015,PROVINSI DKI JAKARTA,JAKARTA BARAT,TAMBORA,TAMBORA,Cerai Hidup,84,,,,
2015,PROVINSI DKI JAKARTA,JAKARTA BARAT,TAMBORA,KALI ANYAR,Cerai Hidup,164,,,,
2015,PROVINSI DKI JAKARTA,JAKARTA BARAT,TAMBORA,DURI UTARA,Cerai Hidup,167,,,,
2015,PROVINSI DKI JAKARTA,JAKARTA BARAT,TAMBORA,TANAH SEREAL,Cerai Hidup,201,,,,
2015,PROVINSI DKI JAKARTA,JAKARTA BARAT,TAMBORA,KERENDANG,Cerai Hidup,79,,,,
2015,PROVINSI DKI JAKARTA,JAKARTA BARAT,TAMBORA,JEMBATAN BESI,Cerai Hidup,185,,,,
2015,PROVINSI DKI JAKARTA,JAKARTA BARAT,TAMBORA,ANGKE,Cerai Hidup,231,,,,
2015,PROVINSI DKI JAKARTA,JAKARTA BARAT,TAMBORA,JEMBATAN LIMA,Cerai Hidup,160,,,,
2015,PROVINSI DKI JAKARTA,JAKARTA BARAT,TAMBORA,PEKOJAN,Cerai Hidup,253,,,,
2015,PROVINSI DKI JAKARTA,JAKARTA BARAT,TAMBORA,ROA MALAKA,Cerai Hidup,50,,,,
2015,PROVINSI DKI JAKARTA,JAKARTA BARAT,TAMBORA,DURI SELATAN,Cerai Hidup,108,,,,
2015,PROVINSI DKI JAKARTA,JAKARTA BARAT,KEBON JERUK,KEBON JERUK,Cerai Hidup,340,,,,
2015,PROVINSI DKI JAKARTA,JAKARTA BARAT,KEBON JERUK,SUKABUMI UTARA,Cerai Hidup,309,,,,
2015,PROVINSI DKI JAKARTA,JAKARTA BARAT,KEBON JERUK,SUKABUMI SELATAN,Cerai Hidup,177,,,,
2015,PROVINSI DKI JAKARTA,JAKARTA BARAT,KEBON JERUK,KELAPA DUA,Cerai Hidup,225,,,,
2015,PROVINSI DKI JAKARTA,JAKARTA BARAT,KEBON JERUK,DURI KEPA,Cerai Hidup,315,,,,
2015,PROVINSI DKI JAKARTA,JAKARTA BARAT,KEBON JERUK,KEDOYA UTARA,Cerai Hidup,252,,,,
2015,PROVINSI DKI JAKARTA,JAKARTA BARAT,KEBON JERUK,KEDOYA SELATAN,Cerai Hidup,199,,,,
2015,PROVINSI DKI JAKARTA,JAKARTA BARAT,KALI DERES,KALIDERES,Cerai Hidup,331,,,,
2015,PROVINSI DKI JAKARTA,JAKARTA BARAT,KALI DERES,SEMANAN,Cerai Hidup,275,,,,
2015,PROVINSI DKI JAKARTA,JAKARTA BARAT,KALI DERES,TEGAL ALUR,Cerai Hidup,419,,,,
2015,PROVINSI DKI JAKARTA,JAKARTA BARAT,KALI DERES,KAMAL,Cerai Hidup,221,,,,
2015,PROVINSI DKI JAKARTA,JAKARTA BARAT,KALI DERES,PEGADUNGAN,Cerai Hidup,227,,,,
2015,PROVINSI DKI JAKARTA,JAKARTA BARAT,PALMERAH,PALMERAH,Cerai Hidup,399,,,,
2015,PROVINSI DKI JAKARTA,JAKARTA BARAT,PALMERAH,SLIPI,Cerai Hidup,85,,,,
2015,PROVINSI DKI JAKARTA,JAKARTA BARAT,PALMERAH,KOTA BAMBU UTARA,Cerai Hidup,155,,,,
2015,PROVINSI DKI JAKARTA,JAKARTA BARAT,PALMERAH,JATI PULO,Cerai Hidup,345,,,,
2015,PROVINSI DKI JAKARTA,JAKARTA BARAT,PALMERAH,KEMANGGISAN,Cerai Hidup,243,,,,
2015,PROVINSI DKI JAKARTA,JAKARTA BARAT,PALMERAH,KOTA BAMBU SELATAN,Cerai Hidup,134,,,,
2015,PROVINSI DKI JAKARTA,JAKARTA BARAT,KEMBANGAN,KEMBANGAN UTARA,Cerai Hidup,166,,,,
2015,PROVINSI DKI JAKARTA,JAKARTA BARAT,KEMBANGAN,MERUYA UTARA,Cerai Hidup,260,,,,
2015,PROVINSI DKI JAKARTA,JAKARTA BARAT,KEMBANGAN,MERUYA SELATAN,Cerai Hidup,188,,,,
2015,PROVINSI DKI JAKARTA,JAKARTA BARAT,KEMBANGAN,SRENGSENG,Cerai Hidup,345,,,,
2015,PROVINSI DKI JAKARTA,JAKARTA BARAT,KEMBANGAN,JOGLO,Cerai Hidup,232,,,,
2015,PROVINSI DKI JAKARTA,JAKARTA BARAT,KEMBANGAN,KEMBANGAN SELATAN,Cerai Hidup,126,,,,
2015,PROVINSI DKI JAKARTA,JAKARTA SELATAN,TEBET,TEBET TIMUR,Cerai Hidup,284,,,,
2015,PROVINSI DKI JAKARTA,JAKARTA SELATAN,TEBET,TEBET BARAT,Cerai Hidup,393,,,,
2015,PROVINSI DKI JAKARTA,JAKARTA SELATAN,TEBET,MENTENG DALAM,Cerai Hidup,415,,,,
2015,PROVINSI DKI JAKARTA,JAKARTA SELATAN,TEBET,KEBON BARU,Cerai Hidup,464,,,,
2015,PROVINSI DKI JAKARTA,JAKARTA SELATAN,TEBET,BUKIT DURI,Cerai Hidup,427,,,,
2015,PROVINSI DKI JAKARTA,JAKARTA SELATAN,TEBET,MANGGARAI SELATAN,Cerai Hidup,212,,,,
2015,PROVINSI DKI JAKARTA,JAKARTA SELATAN,TEBET,MANGGARAI,Cerai Hidup,304,,,,
2015,PROVINSI DKI JAKARTA,JAKARTA SELATAN,SETIA BUDI,SETIA BUDI,Cerai Hidup,68,,,,
2015,PROVINSI DKI JAKARTA,JAKARTA SELATAN,SETIA BUDI,KARET SEMANGGI,Cerai Hidup,37,,,,
2015,PROVINSI DKI JAKARTA,JAKARTA SELATAN,SETIA BUDI,KARET KUNINGAN,Cerai Hidup,131,,,,
2015,PROVINSI DKI JAKARTA,JAKARTA SELATAN,SETIA BUDI,KARET,Cerai Hidup,80,,,,
2015,PROVINSI DKI JAKARTA,JAKARTA SELATAN,SETIA BUDI,MENTENG ATAS,Cerai Hidup,407,,,,
2015,PROVINSI DKI JAKARTA,JAKARTA SELATAN,SETIA BUDI,PASAR MANGGIS,Cerai Hidup,262,,,,
2015,PROVINSI DKI JAKARTA,JAKARTA SELATAN,SETIA BUDI,GUNTUR,Cerai Hidup,44,,,,
2015,PROVINSI DKI JAKARTA,JAKARTA SELATAN,SETIA BUDI,KUNINGAN TIMUR,Cerai Hidup,78,,,,
2015,PROVINSI DKI JAKARTA,JAKARTA SELATAN,MAMPANG PRAPATAN,MAMPANG PRAPATAN,Cerai Hidup,211,,,,
2015,PROVINSI DKI JAKARTA,JAKARTA SELATAN,MAMPANG PRAPATAN,BANGKA,Cerai Hidup,258,,,,
2015,PROVINSI DKI JAKARTA,JAKARTA SELATAN,MAMPANG PRAPATAN,PELA MAMPANG,Cerai Hidup,597,,,,
2015,PROVINSI DKI JAKARTA,JAKARTA SELATAN,MAMPANG PRAPATAN,TEGAL PARANG,Cerai Hidup,296,,,,
2015,PROVINSI DKI JAKARTA,JAKARTA SELATAN,MAMPANG PRAPATAN,KUNINGAN BARAT,Cerai Hidup,83,,,,
2015,PROVINSI DKI JAKARTA,JAKARTA SELATAN,PASAR MINGGU,PASAR MINGGU,Cerai Hidup,278,,,,
2015,PROVINSI DKI JAKARTA,JAKARTA SELATAN,PASAR MINGGU,JATI PADANG,Cerai Hidup,382,,,,
2015,PROVINSI DKI JAKARTA,JAKARTA SELATAN,PASAR MINGGU,CILANDAK TIMUR,Cerai Hidup,184,,,,
2015,PROVINSI DKI JAKARTA,JAKARTA SELATAN,PASAR MINGGU,RAGUNAN,Cerai Hidup,362,,,,
2015,PROVINSI DKI JAKARTA,JAKARTA SELATAN,PASAR MINGGU,PEJATEN TIMUR,Cerai Hidup,537,,,,
2015,PROVINSI DKI JAKARTA,JAKARTA SELATAN,PASAR MINGGU,PEJATEN BARAT,Cerai Hidup,458,,,,
2015,PROVINSI DKI JAKARTA,JAKARTA SELATAN,PASAR MINGGU,KEBAGUSAN,Cerai Hidup,304,,,,
2015,PROVINSI DKI JAKARTA,JAKARTA SELATAN,KEBAYORAN LAMA,KEBAYORAN LAMA UTARA,Cerai Hidup,402,,,,
2015,PROVINSI DKI JAKARTA,JAKARTA SELATAN,KEBAYORAN LAMA,PONDOK PINANG,Cerai Hidup,572,,,,
2015,PROVINSI DKI JAKARTA,JAKARTA SELATAN,KEBAYORAN LAMA,CIPULIR,Cerai Hidup,263,,,,
2015,PROVINSI DKI JAKARTA,JAKARTA SELATAN,KEBAYORAN LAMA,GROGOL UTARA,Cerai Hidup,277,,,,
2015,PROVINSI DKI JAKARTA,JAKARTA SELATAN,KEBAYORAN LAMA,GROGOL SELATAN,Cerai Hidup,339,,,,
2015,PROVINSI DKI JAKARTA,JAKARTA SELATAN,KEBAYORAN LAMA,KEBAYORAN LAMA SELATAN,Cerai Hidup,334,,,,
2015,PROVINSI DKI JAKARTA,JAKARTA SELATAN,CILANDAK,CILANDAK BARAT,Cerai Hidup,698,,,,
2015,PROVINSI DKI JAKARTA,JAKARTA SELATAN,CILANDAK,LEBAK BULUS,Cerai Hidup,389,,,,
2015,PROVINSI DKI JAKARTA,JAKARTA SELATAN,CILANDAK,PONDOK LABU,Cerai Hidup,445,,,,
2015,PROVINSI DKI JAKARTA,JAKARTA SELATAN,CILANDAK,GANDARIA SELATAN,Cerai Hidup,309,,,,
2015,PROVINSI DKI JAKARTA,JAKARTA SELATAN,CILANDAK,CIPETE SELATAN,Cerai Hidup,407,,,,
2015,PROVINSI DKI JAKARTA,JAKARTA SELATAN,KEBAYORAN BARU,MELAWAI,Cerai Hidup,58,,,,
2015,PROVINSI DKI JAKARTA,JAKARTA SELATAN,KEBAYORAN BARU,GUNUNG,Cerai Hidup,138,,,,
2015,PROVINSI DKI JAKARTA,JAKARTA SELATAN,KEBAYORAN BARU,KRAMAT PELA,Cerai Hidup,211,,,,
2015,PROVINSI DKI JAKARTA,JAKARTA SELATAN,KEBAYORAN BARU,SELONG,Cerai Hidup,57,,,,
2015,PROVINSI DKI JAKARTA,JAKARTA SELATAN,KEBAYORAN BARU,RAWA BARAT,Cerai Hidup,78,,,,
2015,PROVINSI DKI JAKARTA,JAKARTA SELATAN,KEBAYORAN BARU,SENAYAN,Cerai Hidup,65,,,,
2015,PROVINSI DKI JAKARTA,JAKARTA SELATAN,KEBAYORAN BARU,PULO,Cerai Hidup,95,,,,
2015,PROVINSI DKI JAKARTA,JAKARTA SELATAN,KEBAYORAN BARU,PETOGOGAN,Cerai Hidup,156,,,,
2015,PROVINSI DKI JAKARTA,JAKARTA SELATAN,KEBAYORAN BARU,GANDARIA UTARA,Cerai Hidup,463,,,,
2015,PROVINSI DKI JAKARTA,JAKARTA SELATAN,KEBAYORAN BARU,CIPETE UTARA,Cerai Hidup,316,,,,
2015,PROVINSI DKI JAKARTA,JAKARTA SELATAN,PANCORAN,PANCORAN,Cerai Hidup,196,,,,
2015,PROVINSI DKI JAKARTA,JAKARTA SELATAN,PANCORAN,KALIBATA,Cerai Hidup,361,,,,
2015,PROVINSI DKI JAKARTA,JAKARTA SELATAN,PANCORAN,RAWA JATI,Cerai Hidup,301,,,,
2015,PROVINSI DKI JAKARTA,JAKARTA SELATAN,PANCORAN,DUREN TIGA,Cerai Hidup,415,,,,
2015,PROVINSI DKI JAKARTA,JAKARTA SELATAN,PANCORAN,PENGADEGAN,Cerai Hidup,283,,,,
2015,PROVINSI DKI JAKARTA,JAKARTA SELATAN,PANCORAN,CIKOKO,Cerai Hidup,110,,,,
2015,PROVINSI DKI JAKARTA,JAKARTA SELATAN,JAGAKARSA,JAGAKARSA,Cerai Hidup,538,,,,
2015,PROVINSI DKI JAKARTA,JAKARTA SELATAN,JAGAKARSA,SRENGSENG SAWAH,Cerai Hidup,517,,,,
2015,PROVINSI DKI JAKARTA,JAKARTA SELATAN,JAGAKARSA,CIGANJUR,Cerai Hidup,197,,,,
2015,PROVINSI DKI JAKARTA,JAKARTA SELATAN,JAGAKARSA,LENTENG AGUNG,Cerai Hidup,501,,,,
2015,PROVINSI DKI JAKARTA,JAKARTA SELATAN,JAGAKARSA,TANJUNG BARAT,Cerai Hidup,328,,,,
2015,PROVINSI DKI JAKARTA,JAKARTA SELATAN,JAGAKARSA,CIPEDAK,Cerai Hidup,236,,,,
2015,PROVINSI DKI JAKARTA,JAKARTA SELATAN,PESANGGRAHAN,PESANGGRAHAN,Cerai Hidup,196,,,,
2015,PROVINSI DKI JAKARTA,JAKARTA SELATAN,PESANGGRAHAN,BINTARO,Cerai Hidup,506,,,,
2015,PROVINSI DKI JAKARTA,JAKARTA SELATAN,PESANGGRAHAN,PETUKANGAN UTARA,Cerai Hidup,406,,,,
2015,PROVINSI DKI JAKARTA,JAKARTA SELATAN,PESANGGRAHAN,PETUKANGAN SELATAN,Cerai Hidup,296,,,,
2015,PROVINSI DKI JAKARTA,JAKARTA SELATAN,PESANGGRAHAN,ULUJAMI,Cerai Hidup,249,,,,
2015,PROVINSI DKI JAKARTA,JAKARTA TIMUR,MATRAMAN,PISANGAN BARU,Cerai Hidup,527,,,,
2015,PROVINSI DKI JAKARTA,JAKARTA TIMUR,MATRAMAN,UTAN KAYU UTARA,Cerai Hidup,227,,,,
2015,PROVINSI DKI JAKARTA,JAKARTA TIMUR,MATRAMAN,KAYU MANIS,Cerai Hidup,278,,,,
2015,PROVINSI DKI JAKARTA,JAKARTA TIMUR,MATRAMAN,PAL MERIAM,Cerai Hidup,206,,,,
2015,PROVINSI DKI JAKARTA,JAKARTA TIMUR,MATRAMAN,KEBON MANGGIS,Cerai Hidup,226,,,,
2015,PROVINSI DKI JAKARTA,JAKARTA TIMUR,MATRAMAN,UTAN KAYU SELATAN,Cerai Hidup,174,,,,
2015,PROVINSI DKI JAKARTA,JAKARTA TIMUR,PULO GADUNG,PULO GADUNG,Cerai Hidup,223,,,,
2015,PROVINSI DKI JAKARTA,JAKARTA TIMUR,PULO GADUNG,PISANGAN TIMUR,Cerai Hidup,375,,,,
2015,PROVINSI DKI JAKARTA,JAKARTA TIMUR,PULO GADUNG,CIPINANG,Cerai Hidup,216,,,,
2015,PROVINSI DKI JAKARTA,JAKARTA TIMUR,PULO GADUNG,JATINEGARA KAUM,Cerai Hidup,144,,,,
2015,PROVINSI DKI JAKARTA,JAKARTA TIMUR,PULO GADUNG,RAWAMANGUN,Cerai Hidup,328,,,,
2015,PROVINSI DKI JAKARTA,JAKARTA TIMUR,PULO GADUNG,KAYU PUTIH,Cerai Hidup,349,,,,
2015,PROVINSI DKI JAKARTA,JAKARTA TIMUR,PULO GADUNG,JATI,Cerai Hidup,363,,,,
2015,PROVINSI DKI JAKARTA,JAKARTA TIMUR,JATINEGARA,KAMPUNG MELAYU,Cerai Hidup,295,,,,
2015,PROVINSI DKI JAKARTA,JAKARTA TIMUR,JATINEGARA,BIDARA CINA,Cerai Hidup,497,,,,
2015,PROVINSI DKI JAKARTA,JAKARTA TIMUR,JATINEGARA,BALI MESTER,Cerai Hidup,91,,,,
2015,PROVINSI DKI JAKARTA,JAKARTA TIMUR,JATINEGARA,RAWA BUNGA,Cerai Hidup,185,,,,
2015,PROVINSI DKI JAKARTA,JAKARTA TIMUR,JATINEGARA,CIPINANG CEMPEDAK,Cerai Hidup,505,,,,
2015,PROVINSI DKI JAKARTA,JAKARTA TIMUR,JATINEGARA,CIPINANG MUARA,Cerai Hidup,600,,,,
2015,PROVINSI DKI JAKARTA,JAKARTA TIMUR,JATINEGARA,CIPINANG BESAR SELATAN,Cerai Hidup,296,,,,
2015,PROVINSI DKI JAKARTA,JAKARTA TIMUR,JATINEGARA,CIPINANG BESAR UTARA,Cerai Hidup,493,,,,
2015,PROVINSI DKI JAKARTA,JAKARTA TIMUR,KRAMAT JATI,KRAMAT JATI,Cerai Hidup,331,,,,
2015,PROVINSI DKI JAKARTA,JAKARTA TIMUR,KRAMAT JATI,KAMPUNG TENGAH,Cerai Hidup,194,,,,
2015,PROVINSI DKI JAKARTA,JAKARTA TIMUR,KRAMAT JATI,DUKUH,Cerai Hidup,232,,,,
2015,PROVINSI DKI JAKARTA,JAKARTA TIMUR,KRAMAT JATI,BATU AMPAR,Cerai Hidup,328,,,,
2015,PROVINSI DKI JAKARTA,JAKARTA TIMUR,KRAMAT JATI,BALE KAMBANG,Cerai Hidup,245,,,,
2015,PROVINSI DKI JAKARTA,JAKARTA TIMUR,KRAMAT JATI,CILILITAN,Cerai Hidup,417,,,,
2015,PROVINSI DKI JAKARTA,JAKARTA TIMUR,KRAMAT JATI,CAWANG,Cerai Hidup,336,,,,
2015,PROVINSI DKI JAKARTA,JAKARTA TIMUR,PASAR REBO,GEDONG,Cerai Hidup,414,,,,
2015,PROVINSI DKI JAKARTA,JAKARTA TIMUR,PASAR REBO,BARU,Cerai Hidup,183,,,,
2015,PROVINSI DKI JAKARTA,JAKARTA TIMUR,PASAR REBO,CIJANTUNG,Cerai Hidup,298,,,,
2015,PROVINSI DKI JAKARTA,JAKARTA TIMUR,PASAR REBO,KALISARI,Cerai Hidup,295,,,,
2015,PROVINSI DKI JAKARTA,JAKARTA TIMUR,PASAR REBO,PEKAYON,Cerai Hidup,323,,,,
2015,PROVINSI DKI JAKARTA,JAKARTA TIMUR,CAKUNG,JATINEGARA,Cerai Hidup,220,,,,
2015,PROVINSI DKI JAKARTA,JAKARTA TIMUR,CAKUNG,RAWA TERATE,Cerai Hidup,160,,,,
2015,PROVINSI DKI JAKARTA,JAKARTA TIMUR,CAKUNG,PENGGILINGAN,Cerai Hidup,635,,,,
2015,PROVINSI DKI JAKARTA,JAKARTA TIMUR,CAKUNG,CAKUNG TIMUR,Cerai Hidup,220,,,,
2015,PROVINSI DKI JAKARTA,JAKARTA TIMUR,CAKUNG,PULO GEBANG,Cerai Hidup,496,,,,
2015,PROVINSI DKI JAKARTA,JAKARTA TIMUR,CAKUNG,UJUNG MENTENG,Cerai Hidup,151,,,,
2015,PROVINSI DKI JAKARTA,JAKARTA TIMUR,CAKUNG,CAKUNG BARAT,Cerai Hidup,222,,,,
2015,PROVINSI DKI JAKARTA,JAKARTA TIMUR,DUREN SAWIT,DUREN SAWIT,Cerai Hidup,524,,,,
2015,PROVINSI DKI JAKARTA,JAKARTA TIMUR,DUREN SAWIT,PONDOK BAMBU,Cerai Hidup,428,,,,
2015,PROVINSI DKI JAKARTA,JAKARTA TIMUR,DUREN SAWIT,KLENDER,Cerai Hidup,533,,,,
2015,PROVINSI DKI JAKARTA,JAKARTA TIMUR,DUREN SAWIT,PONDOK KELAPA,Cerai Hidup,454,,,,
2015,PROVINSI DKI JAKARTA,JAKARTA TIMUR,DUREN SAWIT,MALAKA SARI,Cerai Hidup,214,,,,
2015,PROVINSI DKI JAKARTA,JAKARTA TIMUR,DUREN SAWIT,MALAKA JAYA,Cerai Hidup,357,,,,
2015,PROVINSI DKI JAKARTA,JAKARTA TIMUR,DUREN SAWIT,PONDOK KOPI,Cerai Hidup,227,,,,
2015,PROVINSI DKI JAKARTA,JAKARTA TIMUR,MAKASAR,MAKASAR,Cerai Hidup,209,,,,
2015,PROVINSI DKI JAKARTA,JAKARTA TIMUR,MAKASAR,PINANG RANTI,Cerai Hidup,262,,,,
2015,PROVINSI DKI JAKARTA,JAKARTA TIMUR,MAKASAR,KEBON PALA,Cerai Hidup,481,,,,
2015,PROVINSI DKI JAKARTA,JAKARTA TIMUR,MAKASAR,HALIM PERDANA KUSUMAH,Cerai Hidup,138,,,,
2015,PROVINSI DKI JAKARTA,JAKARTA TIMUR,MAKASAR,CIPINANG MELAYU,Cerai Hidup,377,,,,
2015,PROVINSI DKI JAKARTA,JAKARTA TIMUR,CIRACAS,CIRACAS,Cerai Hidup,470,,,,
2015,PROVINSI DKI JAKARTA,JAKARTA TIMUR,CIRACAS,CIBUBUR,Cerai Hidup,508,,,,
2015,PROVINSI DKI JAKARTA,JAKARTA TIMUR,CIRACAS,KELAPA DUA WETAN,Cerai Hidup,327,,,,
2015,PROVINSI DKI JAKARTA,JAKARTA TIMUR,CIRACAS,SUSUKAN,Cerai Hidup,242,,,,
2015,PROVINSI DKI JAKARTA,JAKARTA TIMUR,CIRACAS,RAMBUTAN,Cerai Hidup,241,,,,
2015,PROVINSI DKI JAKARTA,JAKARTA TIMUR,CIPAYUNG,CIPAYUNG,Cerai Hidup,191,,,,
2015,PROVINSI DKI JAKARTA,JAKARTA TIMUR,CIPAYUNG,CILANGKAP,Cerai Hidup,171,,,,
2015,PROVINSI DKI JAKARTA,JAKARTA TIMUR,CIPAYUNG,PONDOK RANGGON,Cerai Hidup,142,,,,
2015,PROVINSI DKI JAKARTA,JAKARTA TIMUR,CIPAYUNG,MUNJUL,Cerai Hidup,241,,,,
2015,PROVINSI DKI JAKARTA,JAKARTA TIMUR,CIPAYUNG,SETU,Cerai Hidup,143,,,,
2015,PROVINSI DKI JAKARTA,JAKARTA TIMUR,CIPAYUNG,BAMBU APUS,Cerai Hidup,213,,,,
2015,PROVINSI DKI JAKARTA,JAKARTA TIMUR,CIPAYUNG,LUBANG BUAYA,Cerai Hidup,323,,,,
2015,PROVINSI DKI JAKARTA,JAKARTA TIMUR,CIPAYUNG,CEGER,Cerai Hidup,105,,,,
2015,PROVINSI DKI JAKARTA,KAB.ADM.KEP.SERIBU,KEP. SERIBU UTR,P. PANGGANG,Cerai Mati,182,,,,
2015,PROVINSI DKI JAKARTA,KAB.ADM.KEP.SERIBU,KEP. SERIBU UTR,P. KELAPA,Cerai Mati,151,,,,
2015,PROVINSI DKI JAKARTA,KAB.ADM.KEP.SERIBU,KEP. SERIBU UTR,P. HARAPAN,Cerai Mati,53,,,,
2015,PROVINSI DKI JAKARTA,KAB.ADM.KEP.SERIBU,KEP. SERIBU SLT,P. UNTUNG JAWA,Cerai Mati,61,,,,
2015,PROVINSI DKI JAKARTA,KAB.ADM.KEP.SERIBU,KEP. SERIBU SLT,P. TIDUNG,Cerai Mati,133,,,,
2015,PROVINSI DKI JAKARTA,KAB.ADM.KEP.SERIBU,KEP. SERIBU SLT,P. PARI,Cerai Mati,41,,,,
2015,PROVINSI DKI JAKARTA,JAKARTA PUSAT,GAMBIR,GAMBIR,Cerai Mati,109,,,,
2015,PROVINSI DKI JAKARTA,JAKARTA PUSAT,GAMBIR,CIDENG,Cerai Mati,617,,,,
2015,PROVINSI DKI JAKARTA,JAKARTA PUSAT,GAMBIR,PETOJO UTARA,Cerai Mati,720,,,,
2015,PROVINSI DKI JAKARTA,JAKARTA PUSAT,GAMBIR,PETOJO SELATAN,Cerai Mati,687,,,,
2015,PROVINSI DKI JAKARTA,JAKARTA PUSAT,GAMBIR,KEBON KELAPA,Cerai Mati,385,,,,
2015,PROVINSI DKI JAKARTA,JAKARTA PUSAT,GAMBIR,DURI PULO,Cerai Mati,758,,,,
2015,PROVINSI DKI JAKARTA,JAKARTA PUSAT,SAWAH BESAR,PASAR BARU,Cerai Mati,572,,,,
2015,PROVINSI DKI JAKARTA,JAKARTA PUSAT,SAWAH BESAR,KARANG ANYAR,Cerai Mati,985,,,,
2015,PROVINSI DKI JAKARTA,JAKARTA PUSAT,SAWAH BESAR,KARTINI,Cerai Mati,888,,,,
2015,PROVINSI DKI JAKARTA,JAKARTA PUSAT,SAWAH BESAR,GUNUNG SAHARI UTARA,Cerai Mati,725,,,,
2015,PROVINSI DKI JAKARTA,JAKARTA PUSAT,SAWAH BESAR,MANGGA DUA SELATAN,Cerai Mati,719,,,,
2015,PROVINSI DKI JAKARTA,JAKARTA PUSAT,KEMAYORAN,KEMAYORAN,Cerai Mati,648,,,,
2015,PROVINSI DKI JAKARTA,JAKARTA PUSAT,KEMAYORAN,KEBON KOSONG,Cerai Mati,679,,,,
2015,PROVINSI DKI JAKARTA,JAKARTA PUSAT,KEMAYORAN,HARAPAN MULIA,Cerai Mati,967,,,,
2015,PROVINSI DKI JAKARTA,JAKARTA PUSAT,KEMAYORAN,SERDANG,Cerai Mati,1341,,,,
2015,PROVINSI DKI JAKARTA,JAKARTA PUSAT,KEMAYORAN,GUNUNG SAHARI SELATAN,Cerai Mati,879,,,,
2015,PROVINSI DKI JAKARTA,JAKARTA PUSAT,KEMAYORAN,CEMPAKA BARU,Cerai Mati,1230,,,,
2015,PROVINSI DKI JAKARTA,JAKARTA PUSAT,KEMAYORAN,SUMUR BATU,Cerai Mati,981,,,,
2015,PROVINSI DKI JAKARTA,JAKARTA PUSAT,KEMAYORAN,UTAN PANJANG,Cerai Mati,1029,,,,
2015,PROVINSI DKI JAKARTA,JAKARTA PUSAT,SENEN,SENEN,Cerai Mati,201,,,,
2015,PROVINSI DKI JAKARTA,JAKARTA PUSAT,SENEN,KENARI,Cerai Mati,335,,,,
2015,PROVINSI DKI JAKARTA,JAKARTA PUSAT,SENEN,PASEBAN,Cerai Mati,1162,,,,
2015,PROVINSI DKI JAKARTA,JAKARTA PUSAT,SENEN,KRAMAT,Cerai Mati,1269,,,,
2015,PROVINSI DKI JAKARTA,JAKARTA PUSAT,SENEN,KWITANG,Cerai Mati,678,,,,
2015,PROVINSI DKI JAKARTA,JAKARTA PUSAT,SENEN,BUNGUR,Cerai Mati,254,,,,
2015,PROVINSI DKI JAKARTA,JAKARTA PUSAT,CEMPAKA PUTIH,CEMPAKA PUTIH TIMUR,Cerai Mati,945,,,,
2015,PROVINSI DKI JAKARTA,JAKARTA PUSAT,CEMPAKA PUTIH,CEMPAKA PUTIH BARAT,Cerai Mati,1359,,,,
2015,PROVINSI DKI JAKARTA,JAKARTA PUSAT,CEMPAKA PUTIH,RAWASARI,Cerai Mati,881,,,,
2015,PROVINSI DKI JAKARTA,JAKARTA PUSAT,MENTENG,MENTENG,Cerai Mati,542,,,,
2015,PROVINSI DKI JAKARTA,JAKARTA PUSAT,MENTENG,PEGANGSAAN,Cerai Mati,1079,,,,
2015,PROVINSI DKI JAKARTA,JAKARTA PUSAT,MENTENG,CIKINI,Cerai Mati,263,,,,
2015,PROVINSI DKI JAKARTA,JAKARTA PUSAT,MENTENG,GONDANGDIA,Cerai Mati,167,,,,
2015,PROVINSI DKI JAKARTA,JAKARTA PUSAT,MENTENG,KEBON SIRIH,Cerai Mati,615,,,,
2015,PROVINSI DKI JAKARTA,JAKARTA PUSAT,TANAH ABANG,GELORA,Cerai Mati,94,,,,
2015,PROVINSI DKI JAKARTA,JAKARTA PUSAT,TANAH ABANG,BENDUNGAN HILIR,Cerai Mati,1037,,,,
2015,PROVINSI DKI JAKARTA,JAKARTA PUSAT,TANAH ABANG,KARET TENGSIN,Cerai Mati,776,,,,
2015,PROVINSI DKI JAKARTA,JAKARTA PUSAT,TANAH ABANG,PETAMBURAN,Cerai Mati,837,,,,
2015,PROVINSI DKI JAKARTA,JAKARTA PUSAT,TANAH ABANG,KEBON MELATI,Cerai Mati,1200,,,,
2015,PROVINSI DKI JAKARTA,JAKARTA PUSAT,TANAH ABANG,KEBON KACANG,Cerai Mati,712,,,,
2015,PROVINSI DKI JAKARTA,JAKARTA PUSAT,TANAH ABANG,KAMPUNG BALI,Cerai Mati,501,,,,
2015,PROVINSI DKI JAKARTA,JAKARTA PUSAT,JOHAR BARU,JOHAR BARU,Cerai Mati,1662,,,,
2015,PROVINSI DKI JAKARTA,JAKARTA PUSAT,JOHAR BARU,KAMPUNG RAWA,Cerai Mati,737,,,,
2015,PROVINSI DKI JAKARTA,JAKARTA PUSAT,JOHAR BARU,GALUR,Cerai Mati,651,,,,
2015,PROVINSI DKI JAKARTA,JAKARTA PUSAT,JOHAR BARU,TANAH TINGGI,Cerai Mati,1814,,,,
2015,PROVINSI DKI JAKARTA,JAKARTA UTARA,PENJARINGAN,PENJARINGAN,Cerai Mati,1917,,,,
2015,PROVINSI DKI JAKARTA,JAKARTA UTARA,PENJARINGAN,KAMAL MUARA,Cerai Mati,259,,,,
2015,PROVINSI DKI JAKARTA,JAKARTA UTARA,PENJARINGAN,KAPUK MUARA,Cerai Mati,642,,,,
2015,PROVINSI DKI JAKARTA,JAKARTA UTARA,PENJARINGAN,PEJAGALAN,Cerai Mati,758,,,,
2015,PROVINSI DKI JAKARTA,JAKARTA UTARA,PENJARINGAN,PLUIT,Cerai Mati,1042,,,,
2015,PROVINSI DKI JAKARTA,JAKARTA UTARA,TANJUNG PRIOK,TANJUNG PRIOK,Cerai Mati,1187,,,,
2015,PROVINSI DKI JAKARTA,JAKARTA UTARA,TANJUNG PRIOK,SUNTER JAYA,Cerai Mati,1575,,,,
2015,PROVINSI DKI JAKARTA,JAKARTA UTARA,TANJUNG PRIOK,PAPANGGO,Cerai Mati,1162,,,,
2015,PROVINSI DKI JAKARTA,JAKARTA UTARA,TANJUNG PRIOK,SUNGAI BAMBU,Cerai Mati,1418,,,,
2015,PROVINSI DKI JAKARTA,JAKARTA UTARA,TANJUNG PRIOK,KEBON BAWANG,Cerai Mati,1981,,,,
2015,PROVINSI DKI JAKARTA,JAKARTA UTARA,TANJUNG PRIOK,SUNTER AGUNG,Cerai Mati,1960,,,,
2015,PROVINSI DKI JAKARTA,JAKARTA UTARA,TANJUNG PRIOK,WARAKAS,Cerai Mati,1352,,,,
2015,PROVINSI DKI JAKARTA,JAKARTA UTARA,KOJA,KOJA,Cerai Mati,1168,,,,
2015,PROVINSI DKI JAKARTA,JAKARTA UTARA,KOJA,TUGU UTARA,Cerai Mati,1734,,,,
2015,PROVINSI DKI JAKARTA,JAKARTA UTARA,KOJA,LAGOA,Cerai Mati,2050,,,,
2015,PROVINSI DKI JAKARTA,JAKARTA UTARA,KOJA,RAWA BADAK UTARA,Cerai Mati,1188,,,,
2015,PROVINSI DKI JAKARTA,JAKARTA UTARA,KOJA,TUGU SELATAN,Cerai Mati,862,,,,
2015,PROVINSI DKI JAKARTA,JAKARTA UTARA,KOJA,RAWA BADAK SELATAN,Cerai Mati,1137,,,,
2015,PROVINSI DKI JAKARTA,JAKARTA UTARA,CILINCING,CILINCING,Cerai Mati,1123,,,,
2015,PROVINSI DKI JAKARTA,JAKARTA UTARA,CILINCING,SUKAPURA,Cerai Mati,735,,,,
2015,PROVINSI DKI JAKARTA,JAKARTA UTARA,CILINCING,MARUNDA,Cerai Mati,658,,,,
2015,PROVINSI DKI JAKARTA,JAKARTA UTARA,CILINCING,KALI BARU,Cerai Mati,1971,,,,
2015,PROVINSI DKI JAKARTA,JAKARTA UTARA,CILINCING,SEMPER TIMUR,Cerai Mati,1008,,,,
2015,PROVINSI DKI JAKARTA,JAKARTA UTARA,CILINCING,ROROTAN,Cerai Mati,793,,,,
2015,PROVINSI DKI JAKARTA,JAKARTA UTARA,CILINCING,SEMPER BARAT,Cerai Mati,1840,,,,
2015,PROVINSI DKI JAKARTA,JAKARTA UTARA,PADEMANGAN,PADEMANGAN TIMUR,Cerai Mati,1060,,,,
2015,PROVINSI DKI JAKARTA,JAKARTA UTARA,PADEMANGAN,PADEMANGAN BARAT,Cerai Mati,1399,,,,
2015,PROVINSI DKI JAKARTA,JAKARTA UTARA,PADEMANGAN,ANCOL,Cerai Mati,526,,,,
2015,PROVINSI DKI JAKARTA,JAKARTA UTARA,KELAPA GADING,KELAPA GADING TIMUR,Cerai Mati,1165,,,,
2015,PROVINSI DKI JAKARTA,JAKARTA UTARA,KELAPA GADING,PEGANGSAAN DUA,Cerai Mati,1055,,,,
2015,PROVINSI DKI JAKARTA,JAKARTA UTARA,KELAPA GADING,KELAPA GADING BARAT,Cerai Mati,989,,,,
2015,PROVINSI DKI JAKARTA,JAKARTA BARAT,CENGKARENG,CENGKARENG BARAT,Cerai Mati,1005,,,,
2015,PROVINSI DKI JAKARTA,JAKARTA BARAT,CENGKARENG,DURI KOSAMBI,Cerai Mati,842,,,,
2015,PROVINSI DKI JAKARTA,JAKARTA BARAT,CENGKARENG,RAWA BUAYA,Cerai Mati,340,,,,
2015,PROVINSI DKI JAKARTA,JAKARTA BARAT,CENGKARENG,KEDAUNG KALI ANGKE,Cerai Mati,248,,,,
2015,PROVINSI DKI JAKARTA,JAKARTA BARAT,CENGKARENG,KAPUK,Cerai Mati,1416,,,,
2015,PROVINSI DKI JAKARTA,JAKARTA BARAT,CENGKARENG,CENGKARENG TIMUR,Cerai Mati,1154,,,,
2015,PROVINSI DKI JAKARTA,JAKARTA BARAT,GROGOL PETAMBURAN,GROGOL,Cerai Mati,566,,,,
2015,PROVINSI DKI JAKARTA,JAKARTA BARAT,GROGOL PETAMBURAN,TANJUNG DUREN UTARA,Cerai Mati,586,,,,
2015,PROVINSI DKI JAKARTA,JAKARTA BARAT,GROGOL PETAMBURAN,TOMANG,Cerai Mati,564,,,,
2015,PROVINSI DKI JAKARTA,JAKARTA BARAT,GROGOL PETAMBURAN,JELAMBAR,Cerai Mati,673,,,,
2015,PROVINSI DKI JAKARTA,JAKARTA BARAT,GROGOL PETAMBURAN,TANJUNG DUREN SELATAN,Cerai Mati,844,,,,
2015,PROVINSI DKI JAKARTA,JAKARTA BARAT,GROGOL PETAMBURAN,JELAMBAR BARU,Cerai Mati,927,,,,
2015,PROVINSI DKI JAKARTA,JAKARTA BARAT,GROGOL PETAMBURAN,WIJAYA KUSUMA,Cerai Mati,740,,,,
2015,PROVINSI DKI JAKARTA,JAKARTA BARAT,TAMAN SARI,TAMAN SARI,Cerai Mati,486,,,,
2015,PROVINSI DKI JAKARTA,JAKARTA BARAT,TAMAN SARI,KRUKUT,Cerai Mati,322,,,,
2015,PROVINSI DKI JAKARTA,JAKARTA BARAT,TAMAN SARI,MAPHAR,Cerai Mati,534,,,,
2015,PROVINSI DKI JAKARTA,JAKARTA BARAT,TAMAN SARI,TANGKI,Cerai Mati,322,,,,
2015,PROVINSI DKI JAKARTA,JAKARTA BARAT,TAMAN SARI,MANGGA BESAR,Cerai Mati,167,,,,
2015,PROVINSI DKI JAKARTA,JAKARTA BARAT,TAMAN SARI,KEAGUNGAN,Cerai Mati,243,,,,
2015,PROVINSI DKI JAKARTA,JAKARTA BARAT,TAMAN SARI,GLODOK,Cerai Mati,283,,,,
2015,PROVINSI DKI JAKARTA,JAKARTA BARAT,TAMAN SARI,PINANGSIA,Cerai Mati,90,,,,
2015,PROVINSI DKI JAKARTA,JAKARTA BARAT,TAMBORA,TAMBORA,Cerai Mati,191,,,,
2015,PROVINSI DKI JAKARTA,JAKARTA BARAT,TAMBORA,KALI ANYAR,Cerai Mati,421,,,,
2015,PROVINSI DKI JAKARTA,JAKARTA BARAT,TAMBORA,DURI UTARA,Cerai Mati,523,,,,
2015,PROVINSI DKI JAKARTA,JAKARTA BARAT,TAMBORA,TANAH SEREAL,Cerai Mati,868,,,,
2015,PROVINSI DKI JAKARTA,JAKARTA BARAT,TAMBORA,KERENDANG,Cerai Mati,212,,,,
2015,PROVINSI DKI JAKARTA,JAKARTA BARAT,TAMBORA,JEMBATAN BESI,Cerai Mati,311,,,,
2015,PROVINSI DKI JAKARTA,JAKARTA BARAT,TAMBORA,ANGKE,Cerai Mati,656,,,,
2015,PROVINSI DKI JAKARTA,JAKARTA BARAT,TAMBORA,JEMBATAN LIMA,Cerai Mati,629,,,,
2015,PROVINSI DKI JAKARTA,JAKARTA BARAT,TAMBORA,PEKOJAN,Cerai Mati,999,,,,
2015,PROVINSI DKI JAKARTA,JAKARTA BARAT,TAMBORA,ROA MALAKA,Cerai Mati,123,,,,
2015,PROVINSI DKI JAKARTA,JAKARTA BARAT,TAMBORA,DURI SELATAN,Cerai Mati,284,,,,
2015,PROVINSI DKI JAKARTA,JAKARTA BARAT,KEBON JERUK,KEBON JERUK,Cerai Mati,824,,,,
2015,PROVINSI DKI JAKARTA,JAKARTA BARAT,KEBON JERUK,SUKABUMI UTARA,Cerai Mati,843,,,,
2015,PROVINSI DKI JAKARTA,JAKARTA BARAT,KEBON JERUK,SUKABUMI SELATAN,Cerai Mati,370,,,,
2015,PROVINSI DKI JAKARTA,JAKARTA BARAT,KEBON JERUK,KELAPA DUA,Cerai Mati,610,,,,
2015,PROVINSI DKI JAKARTA,JAKARTA BARAT,KEBON JERUK,DURI KEPA,Cerai Mati,820,,,,
2015,PROVINSI DKI JAKARTA,JAKARTA BARAT,KEBON JERUK,KEDOYA UTARA,Cerai Mati,710,,,,
2015,PROVINSI DKI JAKARTA,JAKARTA BARAT,KEBON JERUK,KEDOYA SELATAN,Cerai Mati,538,,,,
2015,PROVINSI DKI JAKARTA,JAKARTA BARAT,KALI DERES,KALIDERES,Cerai Mati,1339,,,,
2015,PROVINSI DKI JAKARTA,JAKARTA BARAT,KALI DERES,SEMANAN,Cerai Mati,911,,,,
2015,PROVINSI DKI JAKARTA,JAKARTA BARAT,KALI DERES,TEGAL ALUR,Cerai Mati,1568,,,,
2015,PROVINSI DKI JAKARTA,JAKARTA BARAT,KALI DERES,KAMAL,Cerai Mati,837,,,,
2015,PROVINSI DKI JAKARTA,JAKARTA BARAT,KALI DERES,PEGADUNGAN,Cerai Mati,463,,,,
2015,PROVINSI DKI JAKARTA,JAKARTA BARAT,PALMERAH,PALMERAH,Cerai Mati,1584,,,,
2015,PROVINSI DKI JAKARTA,JAKARTA BARAT,PALMERAH,SLIPI,Cerai Mati,239,,,,
2015,PROVINSI DKI JAKARTA,JAKARTA BARAT,PALMERAH,KOTA BAMBU UTARA,Cerai Mati,355,,,,
2015,PROVINSI DKI JAKARTA,JAKARTA BARAT,PALMERAH,JATI PULO,Cerai Mati,1207,,,,
2015,PROVINSI DKI JAKARTA,JAKARTA BARAT,PALMERAH,KEMANGGISAN,Cerai Mati,662,,,,
2015,PROVINSI DKI JAKARTA,JAKARTA BARAT,PALMERAH,KOTA BAMBU SELATAN,Cerai Mati,408,,,,
2015,PROVINSI DKI JAKARTA,JAKARTA BARAT,KEMBANGAN,KEMBANGAN UTARA,Cerai Mati,996,,,,
2015,PROVINSI DKI JAKARTA,JAKARTA BARAT,KEMBANGAN,MERUYA UTARA,Cerai Mati,982,,,,
2015,PROVINSI DKI JAKARTA,JAKARTA BARAT,KEMBANGAN,MERUYA SELATAN,Cerai Mati,302,,,,
2015,PROVINSI DKI JAKARTA,JAKARTA BARAT,KEMBANGAN,SRENGSENG,Cerai Mati,961,,,,
2015,PROVINSI DKI JAKARTA,JAKARTA BARAT,KEMBANGAN,JOGLO,Cerai Mati,510,,,,
2015,PROVINSI DKI JAKARTA,JAKARTA BARAT,KEMBANGAN,KEMBANGAN SELATAN,Cerai Mati,326,,,,
2015,PROVINSI DKI JAKARTA,JAKARTA SELATAN,TEBET,TEBET TIMUR,Cerai Mati,775,,,,
2015,PROVINSI DKI JAKARTA,JAKARTA SELATAN,TEBET,TEBET BARAT,Cerai Mati,1011,,,,
2015,PROVINSI DKI JAKARTA,JAKARTA SELATAN,TEBET,MENTENG DALAM,Cerai Mati,1222,,,,
2015,PROVINSI DKI JAKARTA,JAKARTA SELATAN,TEBET,KEBON BARU,Cerai Mati,1806,,,,
2015,PROVINSI DKI JAKARTA,JAKARTA SELATAN,TEBET,BUKIT DURI,Cerai Mati,1576,,,,
2015,PROVINSI DKI JAKARTA,JAKARTA SELATAN,TEBET,MANGGARAI SELATAN,Cerai Mati,860,,,,
2015,PROVINSI DKI JAKARTA,JAKARTA SELATAN,TEBET,MANGGARAI,Cerai Mati,1186,,,,
2015,PROVINSI DKI JAKARTA,JAKARTA SELATAN,SETIA BUDI,SETIA BUDI,Cerai Mati,116,,,,
2015,PROVINSI DKI JAKARTA,JAKARTA SELATAN,SETIA BUDI,KARET SEMANGGI,Cerai Mati,96,,,,
2015,PROVINSI DKI JAKARTA,JAKARTA SELATAN,SETIA BUDI,KARET KUNINGAN,Cerai Mati,544,,,,
2015,PROVINSI DKI JAKARTA,JAKARTA SELATAN,SETIA BUDI,KARET,Cerai Mati,292,,,,
2015,PROVINSI DKI JAKARTA,JAKARTA SELATAN,SETIA BUDI,MENTENG ATAS,Cerai Mati,1179,,,,
2015,PROVINSI DKI JAKARTA,JAKARTA SELATAN,SETIA BUDI,PASAR MANGGIS,Cerai Mati,499,,,,
2015,PROVINSI DKI JAKARTA,JAKARTA SELATAN,SETIA BUDI,GUNTUR,Cerai Mati,182,,,,
2015,PROVINSI DKI JAKARTA,JAKARTA SELATAN,SETIA BUDI,KUNINGAN TIMUR,Cerai Mati,192,,,,
2015,PROVINSI DKI JAKARTA,JAKARTA SELATAN,MAMPANG PRAPATAN,MAMPANG PRAPATAN,Cerai Mati,681,,,,
2015,PROVINSI DKI JAKARTA,JAKARTA SELATAN,MAMPANG PRAPATAN,BANGKA,Cerai Mati,584,,,,
2015,PROVINSI DKI JAKARTA,JAKARTA SELATAN,MAMPANG PRAPATAN,PELA MAMPANG,Cerai Mati,1837,,,,
2015,PROVINSI DKI JAKARTA,JAKARTA SELATAN,MAMPANG PRAPATAN,TEGAL PARANG,Cerai Mati,942,,,,
2015,PROVINSI DKI JAKARTA,JAKARTA SELATAN,MAMPANG PRAPATAN,KUNINGAN BARAT,Cerai Mati,435,,,,
2015,PROVINSI DKI JAKARTA,JAKARTA SELATAN,PASAR MINGGU,PASAR MINGGU,Cerai Mati,931,,,,
2015,PROVINSI DKI JAKARTA,JAKARTA SELATAN,PASAR MINGGU,JATI PADANG,Cerai Mati,1250,,,,
2015,PROVINSI DKI JAKARTA,JAKARTA SELATAN,PASAR MINGGU,CILANDAK TIMUR,Cerai Mati,581,,,,
2015,PROVINSI DKI JAKARTA,JAKARTA SELATAN,PASAR MINGGU,RAGUNAN,Cerai Mati,1313,,,,
2015,PROVINSI DKI JAKARTA,JAKARTA SELATAN,PASAR MINGGU,PEJATEN TIMUR,Cerai Mati,1892,,,,
2015,PROVINSI DKI JAKARTA,JAKARTA SELATAN,PASAR MINGGU,PEJATEN BARAT,Cerai Mati,1296,,,,
2015,PROVINSI DKI JAKARTA,JAKARTA SELATAN,PASAR MINGGU,KEBAGUSAN,Cerai Mati,902,,,,
2015,PROVINSI DKI JAKARTA,JAKARTA SELATAN,KEBAYORAN LAMA,KEBAYORAN LAMA UTARA,Cerai Mati,1241,,,,
2015,PROVINSI DKI JAKARTA,JAKARTA SELATAN,KEBAYORAN LAMA,PONDOK PINANG,Cerai Mati,1807,,,,
2015,PROVINSI DKI JAKARTA,JAKARTA SELATAN,KEBAYORAN LAMA,CIPULIR,Cerai Mati,867,,,,
2015,PROVINSI DKI JAKARTA,JAKARTA SELATAN,KEBAYORAN LAMA,GROGOL UTARA,Cerai Mati,676,,,,
2015,PROVINSI DKI JAKARTA,JAKARTA SELATAN,KEBAYORAN LAMA,GROGOL SELATAN,Cerai Mati,1223,,,,
2015,PROVINSI DKI JAKARTA,JAKARTA SELATAN,KEBAYORAN LAMA,KEBAYORAN LAMA SELATAN,Cerai Mati,992,,,,
2015,PROVINSI DKI JAKARTA,JAKARTA SELATAN,CILANDAK,CILANDAK BARAT,Cerai Mati,1755,,,,
2015,PROVINSI DKI JAKARTA,JAKARTA SELATAN,CILANDAK,LEBAK BULUS,Cerai Mati,1024,,,,
2015,PROVINSI DKI JAKARTA,JAKARTA SELATAN,CILANDAK,PONDOK LABU,Cerai Mati,1422,,,,
2015,PROVINSI DKI JAKARTA,JAKARTA SELATAN,CILANDAK,GANDARIA SELATAN,Cerai Mati,635,,,,
2015,PROVINSI DKI JAKARTA,JAKARTA SELATAN,CILANDAK,CIPETE SELATAN,Cerai Mati,961,,,,
2015,PROVINSI DKI JAKARTA,JAKARTA SELATAN,KEBAYORAN BARU,MELAWAI,Cerai Mati,80,,,,
2015,PROVINSI DKI JAKARTA,JAKARTA SELATAN,KEBAYORAN BARU,GUNUNG,Cerai Mati,404,,,,
2015,PROVINSI DKI JAKARTA,JAKARTA SELATAN,KEBAYORAN BARU,KRAMAT PELA,Cerai Mati,459,,,,
2015,PROVINSI DKI JAKARTA,JAKARTA SELATAN,KEBAYORAN BARU,SELONG,Cerai Mati,85,,,,
2015,PROVINSI DKI JAKARTA,JAKARTA SELATAN,KEBAYORAN BARU,RAWA BARAT,Cerai Mati,158,,,,
2015,PROVINSI DKI JAKARTA,JAKARTA SELATAN,KEBAYORAN BARU,SENAYAN,Cerai Mati,152,,,,
2015,PROVINSI DKI JAKARTA,JAKARTA SELATAN,KEBAYORAN BARU,PULO,Cerai Mati,274,,,,
2015,PROVINSI DKI JAKARTA,JAKARTA SELATAN,KEBAYORAN BARU,PETOGOGAN,Cerai Mati,412,,,,
2015,PROVINSI DKI JAKARTA,JAKARTA SELATAN,KEBAYORAN BARU,GANDARIA UTARA,Cerai Mati,1096,,,,
2015,PROVINSI DKI JAKARTA,JAKARTA SELATAN,KEBAYORAN BARU,CIPETE UTARA,Cerai Mati,1000,,,,
2015,PROVINSI DKI JAKARTA,JAKARTA SELATAN,PANCORAN,PANCORAN,Cerai Mati,682,,,,
2015,PROVINSI DKI JAKARTA,JAKARTA SELATAN,PANCORAN,KALIBATA,Cerai Mati,1422,,,,
2015,PROVINSI DKI JAKARTA,JAKARTA SELATAN,PANCORAN,RAWA JATI,Cerai Mati,601,,,,
2015,PROVINSI DKI JAKARTA,JAKARTA SELATAN,PANCORAN,DUREN TIGA,Cerai Mati,1082,,,,
2015,PROVINSI DKI JAKARTA,JAKARTA SELATAN,PANCORAN,PENGADEGAN,Cerai Mati,875,,,,
2015,PROVINSI DKI JAKARTA,JAKARTA SELATAN,PANCORAN,CIKOKO,Cerai Mati,261,,,,
2015,PROVINSI DKI JAKARTA,JAKARTA SELATAN,JAGAKARSA,JAGAKARSA,Cerai Mati,1607,,,,
2015,PROVINSI DKI JAKARTA,JAKARTA SELATAN,JAGAKARSA,SRENGSENG SAWAH,Cerai Mati,1954,,,,
2015,PROVINSI DKI JAKARTA,JAKARTA SELATAN,JAGAKARSA,CIGANJUR,Cerai Mati,778,,,,
2015,PROVINSI DKI JAKARTA,JAKARTA SELATAN,JAGAKARSA,LENTENG AGUNG,Cerai Mati,1807,,,,
2015,PROVINSI DKI JAKARTA,JAKARTA SELATAN,JAGAKARSA,TANJUNG BARAT,Cerai Mati,1184,,,,
2015,PROVINSI DKI JAKARTA,JAKARTA SELATAN,JAGAKARSA,CIPEDAK,Cerai Mati,867,,,,
2015,PROVINSI DKI JAKARTA,JAKARTA SELATAN,PESANGGRAHAN,PESANGGRAHAN,Cerai Mati,573,,,,
2015,PROVINSI DKI JAKARTA,JAKARTA SELATAN,PESANGGRAHAN,BINTARO,Cerai Mati,1222,,,,
2015,PROVINSI DKI JAKARTA,JAKARTA SELATAN,PESANGGRAHAN,PETUKANGAN UTARA,Cerai Mati,1380,,,,
2015,PROVINSI DKI JAKARTA,JAKARTA SELATAN,PESANGGRAHAN,PETUKANGAN SELATAN,Cerai Mati,1112,,,,
2015,PROVINSI DKI JAKARTA,JAKARTA SELATAN,PESANGGRAHAN,ULUJAMI,Cerai Mati,1055,,,,
2015,PROVINSI DKI JAKARTA,JAKARTA TIMUR,MATRAMAN,PISANGAN BARU,Cerai Mati,1665,,,,
2015,PROVINSI DKI JAKARTA,JAKARTA TIMUR,MATRAMAN,UTAN KAYU UTARA,Cerai Mati,520,,,,
2015,PROVINSI DKI JAKARTA,JAKARTA TIMUR,MATRAMAN,KAYU MANIS,Cerai Mati,1174,,,,
2015,PROVINSI DKI JAKARTA,JAKARTA TIMUR,MATRAMAN,PAL MERIAM,Cerai Mati,756,,,,
2015,PROVINSI DKI JAKARTA,JAKARTA TIMUR,MATRAMAN,KEBON MANGGIS,Cerai Mati,776,,,,
2015,PROVINSI DKI JAKARTA,JAKARTA TIMUR,MATRAMAN,UTAN KAYU SELATAN,Cerai Mati,845,,,,
2015,PROVINSI DKI JAKARTA,JAKARTA TIMUR,PULO GADUNG,PULO GADUNG,Cerai Mati,824,,,,
2015,PROVINSI DKI JAKARTA,JAKARTA TIMUR,PULO GADUNG,PISANGAN TIMUR,Cerai Mati,1170,,,,
2015,PROVINSI DKI JAKARTA,JAKARTA TIMUR,PULO GADUNG,CIPINANG,Cerai Mati,473,,,,
2015,PROVINSI DKI JAKARTA,JAKARTA TIMUR,PULO GADUNG,JATINEGARA KAUM,Cerai Mati,535,,,,
2015,PROVINSI DKI JAKARTA,JAKARTA TIMUR,PULO GADUNG,RAWAMANGUN,Cerai Mati,1131,,,,
2015,PROVINSI DKI JAKARTA,JAKARTA TIMUR,PULO GADUNG,KAYU PUTIH,Cerai Mati,1191,,,,
2015,PROVINSI DKI JAKARTA,JAKARTA TIMUR,PULO GADUNG,JATI,Cerai Mati,1332,,,,
2015,PROVINSI DKI JAKARTA,JAKARTA TIMUR,JATINEGARA,KAMPUNG MELAYU,Cerai Mati,945,,,,
2015,PROVINSI DKI JAKARTA,JAKARTA TIMUR,JATINEGARA,BIDARA CINA,Cerai Mati,1511,,,,
2015,PROVINSI DKI JAKARTA,JAKARTA TIMUR,JATINEGARA,BALI MESTER,Cerai Mati,255,,,,
2015,PROVINSI DKI JAKARTA,JAKARTA TIMUR,JATINEGARA,RAWA BUNGA,Cerai Mati,948,,,,
2015,PROVINSI DKI JAKARTA,JAKARTA TIMUR,JATINEGARA,CIPINANG CEMPEDAK,Cerai Mati,1374,,,,
2015,PROVINSI DKI JAKARTA,JAKARTA TIMUR,JATINEGARA,CIPINANG MUARA,Cerai Mati,1826,,,,
2015,PROVINSI DKI JAKARTA,JAKARTA TIMUR,JATINEGARA,CIPINANG BESAR SELATAN,Cerai Mati,1155,,,,
2015,PROVINSI DKI JAKARTA,JAKARTA TIMUR,JATINEGARA,CIPINANG BESAR UTARA,Cerai Mati,1831,,,,
2015,PROVINSI DKI JAKARTA,JAKARTA TIMUR,KRAMAT JATI,KRAMAT JATI,Cerai Mati,1003,,,,
2015,PROVINSI DKI JAKARTA,JAKARTA TIMUR,KRAMAT JATI,KAMPUNG TENGAH,Cerai Mati,965,,,,
2015,PROVINSI DKI JAKARTA,JAKARTA TIMUR,KRAMAT JATI,DUKUH,Cerai Mati,765,,,,
2015,PROVINSI DKI JAKARTA,JAKARTA TIMUR,KRAMAT JATI,BATU AMPAR,Cerai Mati,1002,,,,
2015,PROVINSI DKI JAKARTA,JAKARTA TIMUR,KRAMAT JATI,BALE KAMBANG,Cerai Mati,724,,,,
2015,PROVINSI DKI JAKARTA,JAKARTA TIMUR,KRAMAT JATI,CILILITAN,Cerai Mati,1629,,,,
2015,PROVINSI DKI JAKARTA,JAKARTA TIMUR,KRAMAT JATI,CAWANG,Cerai Mati,1292,,,,
2015,PROVINSI DKI JAKARTA,JAKARTA TIMUR,PASAR REBO,GEDONG,Cerai Mati,936,,,,
2015,PROVINSI DKI JAKARTA,JAKARTA TIMUR,PASAR REBO,BARU,Cerai Mati,543,,,,
2015,PROVINSI DKI JAKARTA,JAKARTA TIMUR,PASAR REBO,CIJANTUNG,Cerai Mati,950,,,,
2015,PROVINSI DKI JAKARTA,JAKARTA TIMUR,PASAR REBO,KALISARI,Cerai Mati,1098,,,,
2015,PROVINSI DKI JAKARTA,JAKARTA TIMUR,PASAR REBO,PEKAYON,Cerai Mati,1106,,,,
2015,PROVINSI DKI JAKARTA,JAKARTA TIMUR,CAKUNG,JATINEGARA,Cerai Mati,514,,,,
2015,PROVINSI DKI JAKARTA,JAKARTA TIMUR,CAKUNG,RAWA TERATE,Cerai Mati,517,,,,
2015,PROVINSI DKI JAKARTA,JAKARTA TIMUR,CAKUNG,PENGGILINGAN,Cerai Mati,2568,,,,
2015,PROVINSI DKI JAKARTA,JAKARTA TIMUR,CAKUNG,CAKUNG TIMUR,Cerai Mati,822,,,,
2015,PROVINSI DKI JAKARTA,JAKARTA TIMUR,CAKUNG,PULO GEBANG,Cerai Mati,1660,,,,
2015,PROVINSI DKI JAKARTA,JAKARTA TIMUR,CAKUNG,UJUNG MENTENG,Cerai Mati,629,,,,
2015,PROVINSI DKI JAKARTA,JAKARTA TIMUR,CAKUNG,CAKUNG BARAT,Cerai Mati,1043,,,,
2015,PROVINSI DKI JAKARTA,JAKARTA TIMUR,DUREN SAWIT,DUREN SAWIT,Cerai Mati,2183,,,,
2015,PROVINSI DKI JAKARTA,JAKARTA TIMUR,DUREN SAWIT,PONDOK BAMBU,Cerai Mati,1497,,,,
2015,PROVINSI DKI JAKARTA,JAKARTA TIMUR,DUREN SAWIT,KLENDER,Cerai Mati,1664,,,,
2015,PROVINSI DKI JAKARTA,JAKARTA TIMUR,DUREN SAWIT,PONDOK KELAPA,Cerai Mati,1424,,,,
2015,PROVINSI DKI JAKARTA,JAKARTA TIMUR,DUREN SAWIT,MALAKA SARI,Cerai Mati,991,,,,
2015,PROVINSI DKI JAKARTA,JAKARTA TIMUR,DUREN SAWIT,MALAKA JAYA,Cerai Mati,1456,,,,
2015,PROVINSI DKI JAKARTA,JAKARTA TIMUR,DUREN SAWIT,PONDOK KOPI,Cerai Mati,873,,,,
2015,PROVINSI DKI JAKARTA,JAKARTA TIMUR,MAKASAR,MAKASAR,Cerai Mati,1105,,,,
2015,PROVINSI DKI JAKARTA,JAKARTA TIMUR,MAKASAR,PINANG RANTI,Cerai Mati,677,,,,
2015,PROVINSI DKI JAKARTA,JAKARTA TIMUR,MAKASAR,KEBON PALA,Cerai Mati,1781,,,,
2015,PROVINSI DKI JAKARTA,JAKARTA TIMUR,MAKASAR,HALIM PERDANA KUSUMAH,Cerai Mati,633,,,,
2015,PROVINSI DKI JAKARTA,JAKARTA TIMUR,MAKASAR,CIPINANG MELAYU,Cerai Mati,1421,,,,
2015,PROVINSI DKI JAKARTA,JAKARTA TIMUR,CIRACAS,CIRACAS,Cerai Mati,1697,,,,
2015,PROVINSI DKI JAKARTA,JAKARTA TIMUR,CIRACAS,CIBUBUR,Cerai Mati,1527,,,,
2015,PROVINSI DKI JAKARTA,JAKARTA TIMUR,CIRACAS,KELAPA DUA WETAN,Cerai Mati,1215,,,,
2015,PROVINSI DKI JAKARTA,JAKARTA TIMUR,CIRACAS,SUSUKAN,Cerai Mati,800,,,,
2015,PROVINSI DKI JAKARTA,JAKARTA TIMUR,CIRACAS,RAMBUTAN,Cerai Mati,904,,,,
2015,PROVINSI DKI JAKARTA,JAKARTA TIMUR,CIPAYUNG,CIPAYUNG,Cerai Mati,606,,,,
2015,PROVINSI DKI JAKARTA,JAKARTA TIMUR,CIPAYUNG,CILANGKAP,Cerai Mati,577,,,,
2015,PROVINSI DKI JAKARTA,JAKARTA TIMUR,CIPAYUNG,PONDOK RANGGON,Cerai Mati,504,,,,
2015,PROVINSI DKI JAKARTA,JAKARTA TIMUR,CIPAYUNG,MUNJUL,Cerai Mati,691,,,,
2015,PROVINSI DKI JAKARTA,JAKARTA TIMUR,CIPAYUNG,SETU,Cerai Mati,321,,,,
2015,PROVINSI DKI JAKARTA,JAKARTA TIMUR,CIPAYUNG,BAMBU APUS,Cerai Mati,519,,,,
2015,PROVINSI DKI JAKARTA,JAKARTA TIMUR,CIPAYUNG,LUBANG BUAYA,Cerai Mati,1528,,,,
2015,PROVINSI DKI JAKARTA,JAKARTA TIMUR,CIPAYUNG,CEGER,Cerai Mati,209,,,,
