Tahun,Kabupaten,Kecamatan,Kelurahan,Status Perkawinan,Jumlah Penduduk,Belum Kawin,Kawin,Cerai Hidup,Cerai Mati
2015,KAB.ADM.KEP.SERIBU,KEP. SERIBU UTR,P. PANGGANG,Belum Kawin,3199,3199,2930,72,182
2015,KAB.ADM.KEP.SERIBU,KEP. SERIBU UTR,P. KELAPA,Belum Kawin,3216,3216,3141,57,151
2015,KAB.ADM.KEP.SERIBU,KEP. SERIBU UTR,P. HARAPAN,Belum Kawin,1159,1159,1118,25,53
2015,KAB.ADM.KEP.SERIBU,KEP. SERIBU SLT,P. UNTUNG JAWA,Belum Kawin,1107,1107,1069,17,61
2015,KAB.ADM.KEP.SERIBU,KEP. SERIBU SLT,P. TIDUNG,Belum Kawin,2428,2428,2446,33,133
2015,KAB.ADM.KEP.SERIBU,KEP. SERIBU SLT,P. PARI,Belum Kawin,1379,1379,1483,35,41
2015,JAKARTA PUSAT,GAMBIR,GAMBIR,Belum Kawin,1572,1572,1571,28,109
2015,JAKARTA PUSAT,GAMBIR,CIDENG,Belum Kawin,9061,9061,9198,210,617
2015,JAKARTA PUSAT,GAMBIR,PETOJO UTARA,Belum Kawin,10574,10574,10102,182,720
2015,JAKARTA PUSAT,GAMBIR,PETOJO SELATAN,Belum Kawin,8714,8714,7877,199,687
2015,JAKARTA PUSAT,GAMBIR,KEBON KELAPA,Belum Kawin,6181,6181,6072,185,385
2015,JAKARTA PUSAT,GAMBIR,DURI PULO,Belum Kawin,12253,12253,11723,154,758
2015,JAKARTA PUSAT,SAWAH BESAR,PASAR BARU,Belum Kawin,7674,7674,7246,150,572
2015,JAKARTA PUSAT,SAWAH BESAR,KARANG ANYAR,Belum Kawin,15928,15928,15824,272,985
2015,JAKARTA PUSAT,SAWAH BESAR,KARTINI,Belum Kawin,13661,13661,13294,264,888
2015,JAKARTA PUSAT,SAWAH BESAR,GUNUNG SAHARI UTARA,Belum Kawin,9543,9543,9641,221,725
2015,JAKARTA PUSAT,SAWAH BESAR,MANGGA DUA SELATAN,Belum Kawin,16929,16929,16951,295,719
2015,JAKARTA PUSAT,KEMAYORAN,KEMAYORAN,Belum Kawin,12504,12504,11964,225,648
2015,JAKARTA PUSAT,KEMAYORAN,KEBON KOSONG,Belum Kawin,17154,17154,16247,327,679
2015,JAKARTA PUSAT,KEMAYORAN,HARAPAN MULIA,Belum Kawin,13719,13719,12970,331,967
2015,JAKARTA PUSAT,KEMAYORAN,SERDANG,Belum Kawin,17529,17529,17068,349,1341
2015,JAKARTA PUSAT,KEMAYORAN,GUNUNG SAHARI SELATAN,Belum Kawin,11690,11690,10975,282,879
2015,JAKARTA PUSAT,KEMAYORAN,CEMPAKA BARU,Belum Kawin,19329,19329,18833,359,1230
2015,JAKARTA PUSAT,KEMAYORAN,SUMUR BATU,Belum Kawin,13292,13292,12946,303,981
2015,JAKARTA PUSAT,KEMAYORAN,UTAN PANJANG,Belum Kawin,17346,17346,17103,245,1029
2015,JAKARTA PUSAT,SENEN,SENEN,Belum Kawin,4366,4366,4015,81,201
2015,JAKARTA PUSAT,SENEN,KENARI,Belum Kawin,5510,5510,4912,127,335
2015,JAKARTA PUSAT,SENEN,PASEBAN,Belum Kawin,13928,13928,12654,385,1162
2015,JAKARTA PUSAT,SENEN,KRAMAT,Belum Kawin,17281,17281,15651,255,1269
2015,JAKARTA PUSAT,SENEN,KWITANG,Belum Kawin,9009,9009,8731,209,678
2015,JAKARTA PUSAT,SENEN,BUNGUR,Belum Kawin,10885,10885,11136,128,254
2015,JAKARTA PUSAT,CEMPAKA PUTIH,CEMPAKA PUTIH TIMUR,Belum Kawin,13324,13324,13718,354,945
2015,JAKARTA PUSAT,CEMPAKA PUTIH,CEMPAKA PUTIH BARAT,Belum Kawin,19887,19887,19583,423,1359
2015,JAKARTA PUSAT,CEMPAKA PUTIH,RAWASARI,Belum Kawin,12334,12334,11964,332,881
2015,JAKARTA PUSAT,MENTENG,MENTENG,Belum Kawin,14776,14776,14832,269,542
2015,JAKARTA PUSAT,MENTENG,PEGANGSAAN,Belum Kawin,13557,13557,12905,294,1079
2015,JAKARTA PUSAT,MENTENG,CIKINI,Belum Kawin,4979,4979,4548,105,263
2015,JAKARTA PUSAT,MENTENG,GONDANGDIA,Belum Kawin,2254,2254,2386,91,167
2015,JAKARTA PUSAT,MENTENG,KEBON SIRIH,Belum Kawin,7666,7666,7157,183,615
2015,JAKARTA PUSAT,TANAH ABANG,GELORA,Belum Kawin,1840,1840,1783,31,94
2015,JAKARTA PUSAT,TANAH ABANG,BENDUNGAN HILIR,Belum Kawin,12339,12339,11718,390,1037
2015,JAKARTA PUSAT,TANAH ABANG,KARET TENGSIN,Belum Kawin,10963,10963,10700,246,776
2015,JAKARTA PUSAT,TANAH ABANG,PETAMBURAN,Belum Kawin,20290,20290,18789,280,837
2015,JAKARTA PUSAT,TANAH ABANG,KEBON MELATI,Belum Kawin,19501,19501,17312,390,1200
2015,JAKARTA PUSAT,TANAH ABANG,KEBON KACANG,Belum Kawin,12758,12758,12219,268,712
2015,JAKARTA PUSAT,TANAH ABANG,KAMPUNG BALI,Belum Kawin,7143,7143,6636,156,501
2015,JAKARTA PUSAT,JOHAR BARU,JOHAR BARU,Belum Kawin,21859,21859,20255,523,1662
2015,JAKARTA PUSAT,JOHAR BARU,KAMPUNG RAWA,Belum Kawin,12936,12936,12205,255,737
2015,JAKARTA PUSAT,JOHAR BARU,GALUR,Belum Kawin,10736,10736,10427,200,651
2015,JAKARTA PUSAT,JOHAR BARU,TANAH TINGGI,Belum Kawin,22763,22763,20686,442,1814
2015,JAKARTA UTARA,PENJARINGAN,PENJARINGAN,Belum Kawin,57681,57681,57677,705,1917
2015,JAKARTA UTARA,PENJARINGAN,KAMAL MUARA,Belum Kawin,6347,6347,6166,152,259
2015,JAKARTA UTARA,PENJARINGAN,KAPUK MUARA,Belum Kawin,18179,18179,17492,235,642
2015,JAKARTA UTARA,PENJARINGAN,PEJAGALAN,Belum Kawin,43494,43494,43638,334,758
2015,JAKARTA UTARA,PENJARINGAN,PLUIT,Belum Kawin,23576,23576,24267,380,1042
2015,JAKARTA UTARA,TANJUNG PRIOK,TANJUNG PRIOK,Belum Kawin,20162,20162,20005,379,1187
2015,JAKARTA UTARA,TANJUNG PRIOK,SUNTER JAYA,Belum Kawin,33921,33921,34736,424,1575
2015,JAKARTA UTARA,TANJUNG PRIOK,PAPANGGO,Belum Kawin,22667,22667,21749,285,1162
2015,JAKARTA UTARA,TANJUNG PRIOK,SUNGAI BAMBU,Belum Kawin,17757,17757,16102,325,1418
2015,JAKARTA UTARA,TANJUNG PRIOK,KEBON BAWANG,Belum Kawin,30029,30029,27732,641,1981
2015,JAKARTA UTARA,TANJUNG PRIOK,SUNTER AGUNG,Belum Kawin,39172,39172,39222,682,1960
2015,JAKARTA UTARA,TANJUNG PRIOK,WARAKAS,Belum Kawin,25881,25881,24319,425,1352
2015,JAKARTA UTARA,KOJA,KOJA,Belum Kawin,17389,17389,15908,359,1168
2015,JAKARTA UTARA,KOJA,TUGU UTARA,Belum Kawin,39741,39741,37637,560,1734
2015,JAKARTA UTARA,KOJA,LAGOA,Belum Kawin,34523,34523,31770,581,2050
2015,JAKARTA UTARA,KOJA,RAWA BADAK UTARA,Belum Kawin,20248,20248,19273,362,1188
2015,JAKARTA UTARA,KOJA,TUGU SELATAN,Belum Kawin,23601,23601,21940,297,862
2015,JAKARTA UTARA,KOJA,RAWA BADAK SELATAN,Belum Kawin,23750,23750,22512,289,1137
2015,JAKARTA UTARA,CILINCING,CILINCING,Belum Kawin,25525,25525,23790,361,1123
2015,JAKARTA UTARA,CILINCING,SUKAPURA,Belum Kawin,31611,31611,32273,360,735
2015,JAKARTA UTARA,CILINCING,MARUNDA,Belum Kawin,14918,14918,13655,234,658
2015,JAKARTA UTARA,CILINCING,KALI BARU,Belum Kawin,42846,42846,37779,998,1971
2015,JAKARTA UTARA,CILINCING,SEMPER TIMUR,Belum Kawin,20521,20521,19030,325,1008
2015,JAKARTA UTARA,CILINCING,ROROTAN,Belum Kawin,21528,21528,20395,206,793
2015,JAKARTA UTARA,CILINCING,SEMPER BARAT,Belum Kawin,38747,38747,37159,445,1840
2015,JAKARTA UTARA,PADEMANGAN,PADEMANGAN TIMUR,Belum Kawin,20610,20610,20571,285,1060
2015,JAKARTA UTARA,PADEMANGAN,PADEMANGAN BARAT,Belum Kawin,43651,43651,43134,539,1399
2015,JAKARTA UTARA,PADEMANGAN,ANCOL,Belum Kawin,14912,14912,14943,227,526
2015,JAKARTA UTARA,KELAPA GADING,KELAPA GADING TIMUR,Belum Kawin,17571,17571,18803,350,1165
2015,JAKARTA UTARA,KELAPA GADING,PEGANGSAAN DUA,Belum Kawin,25557,25557,26859,351,1055
2015,JAKARTA UTARA,KELAPA GADING,KELAPA GADING BARAT,Belum Kawin,19027,19027,19388,415,989
2015,JAKARTA BARAT,CENGKARENG,CENGKARENG BARAT,Belum Kawin,36603,36603,35005,362,1005
2015,JAKARTA BARAT,CENGKARENG,DURI KOSAMBI,Belum Kawin,42402,42402,40909,291,842
2015,JAKARTA BARAT,CENGKARENG,RAWA BUAYA,Belum Kawin,33563,33563,34489,180,340
2015,JAKARTA BARAT,CENGKARENG,KEDAUNG KALI ANGKE,Belum Kawin,17385,17385,18502,109,248
2015,JAKARTA BARAT,CENGKARENG,KAPUK,Belum Kawin,71934,71934,74250,591,1416
2015,JAKARTA BARAT,CENGKARENG,CENGKARENG TIMUR,Belum Kawin,43357,43357,42661,496,1154
2015,JAKARTA BARAT,GROGOL PETAMBURAN,GROGOL,Belum Kawin,9335,9335,9580,205,566
2015,JAKARTA BARAT,GROGOL PETAMBURAN,TANJUNG DUREN UTARA,Belum Kawin,9255,9255,9410,187,586
2015,JAKARTA BARAT,GROGOL PETAMBURAN,TOMANG,Belum Kawin,16468,16468,16829,246,564
2015,JAKARTA BARAT,GROGOL PETAMBURAN,JELAMBAR,Belum Kawin,16546,16546,17148,241,673
2015,JAKARTA BARAT,GROGOL PETAMBURAN,TANJUNG DUREN SELATAN,Belum Kawin,13591,13591,13396,276,844
2015,JAKARTA BARAT,GROGOL PETAMBURAN,JELAMBAR BARU,Belum Kawin,21321,21321,21718,268,927
2015,JAKARTA BARAT,GROGOL PETAMBURAN,WIJAYA KUSUMA,Belum Kawin,21500,21500,22298,245,740
2015,JAKARTA BARAT,TAMAN SARI,TAMAN SARI,Belum Kawin,8199,8199,8206,215,486
2015,JAKARTA BARAT,TAMAN SARI,KRUKUT,Belum Kawin,10976,10976,11084,107,322
2015,JAKARTA BARAT,TAMAN SARI,MAPHAR,Belum Kawin,9944,9944,9033,220,534
2015,JAKARTA BARAT,TAMAN SARI,TANGKI,Belum Kawin,7370,7370,7432,156,322
2015,JAKARTA BARAT,TAMAN SARI,MANGGA BESAR,Belum Kawin,4319,4319,4385,65,167
2015,JAKARTA BARAT,TAMAN SARI,KEAGUNGAN,Belum Kawin,9920,9920,10135,161,243
2015,JAKARTA BARAT,TAMAN SARI,GLODOK,Belum Kawin,4216,4216,4133,90,283
2015,JAKARTA BARAT,TAMAN SARI,PINANGSIA,Belum Kawin,6160,6160,6422,92,90
2015,JAKARTA BARAT,TAMBORA,TAMBORA,Belum Kawin,6088,6088,6079,84,191
2015,JAKARTA BARAT,TAMBORA,KALI ANYAR,Belum Kawin,14209,14209,13862,164,421
2015,JAKARTA BARAT,TAMBORA,DURI UTARA,Belum Kawin,12004,12004,11339,167,523
2015,JAKARTA BARAT,TAMBORA,TANAH SEREAL,Belum Kawin,15233,15233,14390,201,868
2015,JAKARTA BARAT,TAMBORA,KERENDANG,Belum Kawin,11719,11719,11392,79,212
2015,JAKARTA BARAT,TAMBORA,JEMBATAN BESI,Belum Kawin,17861,17861,17105,185,311
2015,JAKARTA BARAT,TAMBORA,ANGKE,Belum Kawin,17665,17665,17432,231,656
2015,JAKARTA BARAT,TAMBORA,JEMBATAN LIMA,Belum Kawin,12164,12164,11859,160,629
2015,JAKARTA BARAT,TAMBORA,PEKOJAN,Belum Kawin,13458,13458,12721,253,999
2015,JAKARTA BARAT,TAMBORA,ROA MALAKA,Belum Kawin,1904,1904,1962,50,123
2015,JAKARTA BARAT,TAMBORA,DURI SELATAN,Belum Kawin,8348,8348,8232,108,284
2015,JAKARTA BARAT,KEBON JERUK,KEBON JERUK,Belum Kawin,28037,28037,27991,340,824
2015,JAKARTA BARAT,KEBON JERUK,SUKABUMI UTARA,Belum Kawin,21730,21730,20923,309,843
2015,JAKARTA BARAT,KEBON JERUK,SUKABUMI SELATAN,Belum Kawin,20648,20648,20262,177,370
2015,JAKARTA BARAT,KEBON JERUK,KELAPA DUA,Belum Kawin,12939,12939,12875,225,610
2015,JAKARTA BARAT,KEBON JERUK,DURI KEPA,Belum Kawin,32091,32091,33110,315,820
2015,JAKARTA BARAT,KEBON JERUK,KEDOYA UTARA,Belum Kawin,24015,24015,25255,252,710
2015,JAKARTA BARAT,KEBON JERUK,KEDOYA SELATAN,Belum Kawin,16991,16991,17710,199,538
2015,JAKARTA BARAT,KALI DERES,KALIDERES,Belum Kawin,38835,38835,38524,331,1339
2015,JAKARTA BARAT,KALI DERES,SEMANAN,Belum Kawin,38631,38631,38463,275,911
2015,JAKARTA BARAT,KALI DERES,TEGAL ALUR,Belum Kawin,45631,45631,45537,419,1568
2015,JAKARTA BARAT,KALI DERES,KAMAL,Belum Kawin,30668,30668,30395,221,837
2015,JAKARTA BARAT,KALI DERES,PEGADUNGAN,Belum Kawin,39096,39096,39075,227,463
2015,JAKARTA BARAT,PALMERAH,PALMERAH,Belum Kawin,34773,34773,34768,399,1584
2015,JAKARTA BARAT,PALMERAH,SLIPI,Belum Kawin,9307,9307,9353,85,239
2015,JAKARTA BARAT,PALMERAH,KOTA BAMBU UTARA,Belum Kawin,14689,14689,14567,155,355
2015,JAKARTA BARAT,PALMERAH,JATI PULO,Belum Kawin,16376,16376,15777,345,1207
2015,JAKARTA BARAT,PALMERAH,KEMANGGISAN,Belum Kawin,18442,18442,18295,243,662
2015,JAKARTA BARAT,PALMERAH,KOTA BAMBU SELATAN,Belum Kawin,12410,12410,12197,134,408
2015,JAKARTA BARAT,KEMBANGAN,KEMBANGAN UTARA,Belum Kawin,29328,29328,29532,166,996
2015,JAKARTA BARAT,KEMBANGAN,MERUYA UTARA,Belum Kawin,21910,21910,22887,260,982
2015,JAKARTA BARAT,KEMBANGAN,MERUYA SELATAN,Belum Kawin,17213,17213,17938,188,302
2015,JAKARTA BARAT,KEMBANGAN,SRENGSENG,Belum Kawin,23612,23612,22710,345,961
2015,JAKARTA BARAT,KEMBANGAN,JOGLO,Belum Kawin,21338,21338,21886,232,510
2015,JAKARTA BARAT,KEMBANGAN,KEMBANGAN SELATAN,Belum Kawin,13830,13830,14630,126,326
2015,JAKARTA SELATAN,TEBET,TEBET TIMUR,Belum Kawin,9766,9766,9695,284,775
2015,JAKARTA SELATAN,TEBET,TEBET BARAT,Belum Kawin,11726,11726,11229,393,1011
2015,JAKARTA SELATAN,TEBET,MENTENG DALAM,Belum Kawin,20501,20501,20241,415,1222
2015,JAKARTA SELATAN,TEBET,KEBON BARU,Belum Kawin,20103,20103,18752,464,1806
2015,JAKARTA SELATAN,TEBET,BUKIT DURI,Belum Kawin,20555,20555,19426,427,1576
2015,JAKARTA SELATAN,TEBET,MANGGARAI SELATAN,Belum Kawin,12947,12947,12924,212,860
2015,JAKARTA SELATAN,TEBET,MANGGARAI,Belum Kawin,16296,16296,16167,304,1186
2015,JAKARTA SELATAN,SETIA BUDI,SETIA BUDI,Belum Kawin,1740,1740,1577,68,116
2015,JAKARTA SELATAN,SETIA BUDI,KARET SEMANGGI,Belum Kawin,1379,1379,1382,37,96
2015,JAKARTA SELATAN,SETIA BUDI,KARET KUNINGAN,Belum Kawin,9043,9043,8419,131,544
2015,JAKARTA SELATAN,SETIA BUDI,KARET,Belum Kawin,5837,5837,5496,80,292
2015,JAKARTA SELATAN,SETIA BUDI,MENTENG ATAS,Belum Kawin,15725,15725,15109,407,1179
2015,JAKARTA SELATAN,SETIA BUDI,PASAR MANGGIS,Belum Kawin,15364,15364,14877,262,499
2015,JAKARTA SELATAN,SETIA BUDI,GUNTUR,Belum Kawin,2246,2246,2091,44,182
2015,JAKARTA SELATAN,SETIA BUDI,KUNINGAN TIMUR,Belum Kawin,3403,3403,3251,78,192
2015,JAKARTA SELATAN,MAMPANG PRAPATAN,MAMPANG PRAPATAN,Belum Kawin,10726,10726,9952,211,681
2015,JAKARTA SELATAN,MAMPANG PRAPATAN,BANGKA,Belum Kawin,12051,12051,11951,258,584
2015,JAKARTA SELATAN,MAMPANG PRAPATAN,PELA MAMPANG,Belum Kawin,24726,24726,23999,597,1837
2015,JAKARTA SELATAN,MAMPANG PRAPATAN,TEGAL PARANG,Belum Kawin,18594,18594,17403,296,942
2015,JAKARTA SELATAN,MAMPANG PRAPATAN,KUNINGAN BARAT,Belum Kawin,7367,7367,7192,83,435
2015,JAKARTA SELATAN,PASAR MINGGU,PASAR MINGGU,Belum Kawin,13755,13755,13526,278,931
2015,JAKARTA SELATAN,PASAR MINGGU,JATI PADANG,Belum Kawin,20437,20437,20111,382,1250
2015,JAKARTA SELATAN,PASAR MINGGU,CILANDAK TIMUR,Belum Kawin,14007,14007,13538,184,581
2015,JAKARTA SELATAN,PASAR MINGGU,RAGUNAN,Belum Kawin,21594,21594,21322,362,1313
2015,JAKARTA SELATAN,PASAR MINGGU,PEJATEN TIMUR,Belum Kawin,32544,32544,30998,537,1892
2015,JAKARTA SELATAN,PASAR MINGGU,PEJATEN BARAT,Belum Kawin,20465,20465,19554,458,1296
2015,JAKARTA SELATAN,PASAR MINGGU,KEBAGUSAN,Belum Kawin,24131,24131,23805,304,902
2015,JAKARTA SELATAN,KEBAYORAN LAMA,KEBAYORAN LAMA UTARA,Belum Kawin,23531,23531,22936,402,1241
2015,JAKARTA SELATAN,KEBAYORAN LAMA,PONDOK PINANG,Belum Kawin,30272,30272,29642,572,1807
2015,JAKARTA SELATAN,KEBAYORAN LAMA,CIPULIR,Belum Kawin,21704,21704,21591,263,867
2015,JAKARTA SELATAN,KEBAYORAN LAMA,GROGOL UTARA,Belum Kawin,23949,23949,23977,277,676
2015,JAKARTA SELATAN,KEBAYORAN LAMA,GROGOL SELATAN,Belum Kawin,24235,24235,24035,339,1223
2015,JAKARTA SELATAN,KEBAYORAN LAMA,KEBAYORAN LAMA SELATAN,Belum Kawin,21728,21728,22151,334,992
2015,JAKARTA SELATAN,CILANDAK,CILANDAK BARAT,Belum Kawin,27694,27694,27723,698,1755
2015,JAKARTA SELATAN,CILANDAK,LEBAK BULUS,Belum Kawin,19700,19700,19305,389,1024
2015,JAKARTA SELATAN,CILANDAK,PONDOK LABU,Belum Kawin,24385,24385,23972,445,1422
2015,JAKARTA SELATAN,CILANDAK,GANDARIA SELATAN,Belum Kawin,12126,12126,11754,309,635
2015,JAKARTA SELATAN,CILANDAK,CIPETE SELATAN,Belum Kawin,15047,15047,14145,407,961
2015,JAKARTA SELATAN,KEBAYORAN BARU,MELAWAI,Belum Kawin,1459,1459,1541,58,80
2015,JAKARTA SELATAN,KEBAYORAN BARU,GUNUNG,Belum Kawin,4997,4997,5083,138,404
2015,JAKARTA SELATAN,KEBAYORAN BARU,KRAMAT PELA,Belum Kawin,7968,7968,7725,211,459
2015,JAKARTA SELATAN,KEBAYORAN BARU,SELONG,Belum Kawin,1631,1631,1862,57,85
2015,JAKARTA SELATAN,KEBAYORAN BARU,RAWA BARAT,Belum Kawin,3041,3041,3139,78,158
2015,JAKARTA SELATAN,KEBAYORAN BARU,SENAYAN,Belum Kawin,1891,1891,1842,65,152
2015,JAKARTA SELATAN,KEBAYORAN BARU,PULO,Belum Kawin,3298,3298,3149,95,274
2015,JAKARTA SELATAN,KEBAYORAN BARU,PETOGOGAN,Belum Kawin,6577,6577,6482,156,412
2015,JAKARTA SELATAN,KEBAYORAN BARU,GANDARIA UTARA,Belum Kawin,22139,22139,21958,463,1096
2015,JAKARTA SELATAN,KEBAYORAN BARU,CIPETE UTARA,Belum Kawin,18898,18898,18435,316,1000
2015,JAKARTA SELATAN,PANCORAN,PANCORAN,Belum Kawin,10709,10709,10145,196,682
2015,JAKARTA SELATAN,PANCORAN,KALIBATA,Belum Kawin,23475,23475,22388,361,1422
2015,JAKARTA SELATAN,PANCORAN,RAWA JATI,Belum Kawin,10232,10232,10123,301,601
2015,JAKARTA SELATAN,PANCORAN,DUREN TIGA,Belum Kawin,15714,15714,15057,415,1082
2015,JAKARTA SELATAN,PANCORAN,PENGADEGAN,Belum Kawin,11145,11145,11288,283,875
2015,JAKARTA SELATAN,PANCORAN,CIKOKO,Belum Kawin,6236,6236,6200,110,261
2015,JAKARTA SELATAN,JAGAKARSA,JAGAKARSA,Belum Kawin,32442,32442,31730,538,1607
2015,JAKARTA SELATAN,JAGAKARSA,SRENGSENG SAWAH,Belum Kawin,30820,30820,29932,517,1954
2015,JAKARTA SELATAN,JAGAKARSA,CIGANJUR,Belum Kawin,19271,19271,19416,197,778
2015,JAKARTA SELATAN,JAGAKARSA,LENTENG AGUNG,Belum Kawin,28946,28946,27534,501,1807
2015,JAKARTA SELATAN,JAGAKARSA,TANJUNG BARAT,Belum Kawin,21501,21501,20473,328,1184
2015,JAKARTA SELATAN,JAGAKARSA,CIPEDAK,Belum Kawin,19508,19508,18683,236,867
2015,JAKARTA SELATAN,PESANGGRAHAN,PESANGGRAHAN,Belum Kawin,15198,15198,14642,196,573
2015,JAKARTA SELATAN,PESANGGRAHAN,BINTARO,Belum Kawin,28041,28041,27738,506,1222
2015,JAKARTA SELATAN,PESANGGRAHAN,PETUKANGAN UTARA,Belum Kawin,28868,28868,28164,406,1380
2015,JAKARTA SELATAN,PESANGGRAHAN,PETUKANGAN SELATAN,Belum Kawin,19756,19756,18799,296,1112
2015,JAKARTA SELATAN,PESANGGRAHAN,ULUJAMI,Belum Kawin,22488,22488,21781,249,1055
2015,JAKARTA TIMUR,MATRAMAN,PISANGAN BARU,Belum Kawin,18211,18211,16839,527,1665
2015,JAKARTA TIMUR,MATRAMAN,UTAN KAYU UTARA,Belum Kawin,16067,16067,16182,227,520
2015,JAKARTA TIMUR,MATRAMAN,KAYU MANIS,Belum Kawin,14746,14746,13971,278,1174
2015,JAKARTA TIMUR,MATRAMAN,PAL MERIAM,Belum Kawin,11556,11556,11040,206,756
2015,JAKARTA TIMUR,MATRAMAN,KEBON MANGGIS,Belum Kawin,9554,9554,9165,226,776
2015,JAKARTA TIMUR,MATRAMAN,UTAN KAYU SELATAN,Belum Kawin,18685,18685,19374,174,845
2015,JAKARTA TIMUR,PULO GADUNG,PULO GADUNG,Belum Kawin,18784,18784,18870,223,824
2015,JAKARTA TIMUR,PULO GADUNG,PISANGAN TIMUR,Belum Kawin,23347,23347,23413,375,1170
2015,JAKARTA TIMUR,PULO GADUNG,CIPINANG,Belum Kawin,22164,22164,23505,216,473
2015,JAKARTA TIMUR,PULO GADUNG,JATINEGARA KAUM,Belum Kawin,13307,13307,13662,144,535
2015,JAKARTA TIMUR,PULO GADUNG,RAWAMANGUN,Belum Kawin,21383,21383,20962,328,1131
2015,JAKARTA TIMUR,PULO GADUNG,KAYU PUTIH,Belum Kawin,22629,22629,22701,349,1191
2015,JAKARTA TIMUR,PULO GADUNG,JATI,Belum Kawin,18033,18033,18461,363,1332
2015,JAKARTA TIMUR,JATINEGARA,KAMPUNG MELAYU,Belum Kawin,15204,15204,14253,295,945
2015,JAKARTA TIMUR,JATINEGARA,BIDARA CINA,Belum Kawin,22380,22380,20125,497,1511
2015,JAKARTA TIMUR,JATINEGARA,BALI MESTER,Belum Kawin,5540,5540,5305,91,255
2015,JAKARTA TIMUR,JATINEGARA,RAWA BUNGA,Belum Kawin,12346,12346,11864,185,948
2015,JAKARTA TIMUR,JATINEGARA,CIPINANG CEMPEDAK,Belum Kawin,18648,18648,17795,505,1374
2015,JAKARTA TIMUR,JATINEGARA,CIPINANG MUARA,Belum Kawin,30793,30793,31375,600,1826
2015,JAKARTA TIMUR,JATINEGARA,CIPINANG BESAR SELATAN,Belum Kawin,19710,19710,18873,296,1155
2015,JAKARTA TIMUR,JATINEGARA,CIPINANG BESAR UTARA,Belum Kawin,27999,27999,26834,493,1831
2015,JAKARTA TIMUR,KRAMAT JATI,KRAMAT JATI,Belum Kawin,19453,19453,19148,331,1003
2015,JAKARTA TIMUR,KRAMAT JATI,KAMPUNG TENGAH,Belum Kawin,24829,24829,23929,194,965
2015,JAKARTA TIMUR,KRAMAT JATI,DUKUH,Belum Kawin,13500,13500,13220,232,765
2015,JAKARTA TIMUR,KRAMAT JATI,BATU AMPAR,Belum Kawin,26074,26074,25380,328,1002
2015,JAKARTA TIMUR,KRAMAT JATI,BALE KAMBANG,Belum Kawin,15803,15803,14834,245,724
2015,JAKARTA TIMUR,KRAMAT JATI,CILILITAN,Belum Kawin,23464,23464,21972,417,1629
2015,JAKARTA TIMUR,KRAMAT JATI,CAWANG,Belum Kawin,19520,19520,18388,336,1292
2015,JAKARTA TIMUR,PASAR REBO,GEDONG,Belum Kawin,19466,19466,19272,414,936
2015,JAKARTA TIMUR,PASAR REBO,BARU,Belum Kawin,13717,13717,12917,183,543
2015,JAKARTA TIMUR,PASAR REBO,CIJANTUNG,Belum Kawin,22236,22236,22172,298,950
2015,JAKARTA TIMUR,PASAR REBO,KALISARI,Belum Kawin,23395,23395,21890,295,1098
2015,JAKARTA TIMUR,PASAR REBO,PEKAYON,Belum Kawin,23339,23339,23161,323,1106
2015,JAKARTA TIMUR,CAKUNG,JATINEGARA,Belum Kawin,46991,46991,50292,220,514
2015,JAKARTA TIMUR,CAKUNG,RAWA TERATE,Belum Kawin,14941,14941,15378,160,517
2015,JAKARTA TIMUR,CAKUNG,PENGGILINGAN,Belum Kawin,53186,53186,51182,635,2568
2015,JAKARTA TIMUR,CAKUNG,CAKUNG TIMUR,Belum Kawin,32288,32288,32254,220,822
2015,JAKARTA TIMUR,CAKUNG,PULO GEBANG,Belum Kawin,50142,50142,49514,496,1660
2015,JAKARTA TIMUR,CAKUNG,UJUNG MENTENG,Belum Kawin,16222,16222,15932,151,629
2015,JAKARTA TIMUR,CAKUNG,CAKUNG BARAT,Belum Kawin,32841,32841,32841,222,1043
2015,JAKARTA TIMUR,DUREN SAWIT,DUREN SAWIT,Belum Kawin,32910,32910,32432,524,2183
2015,JAKARTA TIMUR,DUREN SAWIT,PONDOK BAMBU,Belum Kawin,33566,33566,34211,428,1497
2015,JAKARTA TIMUR,DUREN SAWIT,KLENDER,Belum Kawin,40106,40106,39299,533,1664
2015,JAKARTA TIMUR,DUREN SAWIT,PONDOK KELAPA,Belum Kawin,37940,37940,37933,454,1424
2015,JAKARTA TIMUR,DUREN SAWIT,MALAKA SARI,Belum Kawin,15695,15695,15806,214,991
2015,JAKARTA TIMUR,DUREN SAWIT,MALAKA JAYA,Belum Kawin,17408,17408,17136,357,1456
2015,JAKARTA TIMUR,DUREN SAWIT,PONDOK KOPI,Belum Kawin,19635,19635,18878,227,873
2015,JAKARTA TIMUR,MAKASAR,MAKASAR,Belum Kawin,18771,18771,19766,209,1105
2015,JAKARTA TIMUR,MAKASAR,PINANG RANTI,Belum Kawin,14648,14648,13959,262,677
2015,JAKARTA TIMUR,MAKASAR,KEBON PALA,Belum Kawin,25899,25899,25447,481,1781
2015,JAKARTA TIMUR,MAKASAR,HALIM PERDANA KUSUMAH,Belum Kawin,17168,17168,16344,138,633
2015,JAKARTA TIMUR,MAKASAR,CIPINANG MELAYU,Belum Kawin,24053,24053,23142,377,1421
2015,JAKARTA TIMUR,CIRACAS,CIRACAS,Belum Kawin,35413,35413,34795,470,1697
2015,JAKARTA TIMUR,CIRACAS,CIBUBUR,Belum Kawin,35399,35399,35381,508,1527
2015,JAKARTA TIMUR,CIRACAS,KELAPA DUA WETAN,Belum Kawin,24322,24322,23861,327,1215
2015,JAKARTA TIMUR,CIRACAS,SUSUKAN,Belum Kawin,20810,20810,21264,242,800
2015,JAKARTA TIMUR,CIRACAS,RAMBUTAN,Belum Kawin,20343,20343,19775,241,904
2015,JAKARTA TIMUR,CIPAYUNG,CIPAYUNG,Belum Kawin,13790,13790,12596,191,606
2015,JAKARTA TIMUR,CIPAYUNG,CILANGKAP,Belum Kawin,14444,14444,13420,171,577
2015,JAKARTA TIMUR,CIPAYUNG,PONDOK RANGGON,Belum Kawin,13154,13154,12712,142,504
2015,JAKARTA TIMUR,CIPAYUNG,MUNJUL,Belum Kawin,12508,12508,12239,241,691
2015,JAKARTA TIMUR,CIPAYUNG,SETU,Belum Kawin,10251,10251,10309,143,321
2015,JAKARTA TIMUR,CIPAYUNG,BAMBU APUS,Belum Kawin,13496,13496,13682,213,519
2015,JAKARTA TIMUR,CIPAYUNG,LUBANG BUAYA,Belum Kawin,34546,34546,33394,323,1528
2015,JAKARTA TIMUR,CIPAYUNG,CEGER,Belum Kawin,10196,10196,9887,105,209